Date,open,close,high,low,volume,money
2017/1/3,6273.82,6320.76,6320.95,6273.75,4857779100,57302999275
2017/1/4,6321.75,6394.67,6395,6314.13,6673942300,78531887327
2017/1/5,6391.58,6399.28,6412.87,6385.12,6144520300,72267790981
2017/1/6,6398.86,6371.62,6401.74,6364.89,6490247300,73723002444
2017/1/9,6365.39,6415.42,6415.47,6357.36,6397903100,74310358181
2017/1/10,6412.76,6393.93,6428.83,6388.92,6821068400,76722142933
2017/1/11,6381.7,6331.96,6402.9,6331.51,6284335900,68331890909
2017/1/12,6325.62,6272.85,6339.32,6269.2,5343363400,57259476375
2017/1/13,6272.79,6194.66,6282.72,6182.1,5361148400,58444907279
2017/1/16,6184.13,6031.24,6184.34,5872.4,7895834800,82148409479
2017/1/17,6006.08,6082.07,6082.2,5957.04,5054089800,54018905762
2017/1/18,6067.17,6068.59,6098.78,6049.97,4614218000,48404585975
2017/1/19,6054.73,6043.68,6074.46,6029.64,4441961600,45854100379
2017/1/20,6037.56,6122,6129.58,6034.97,4571735400,49013086160
2017/1/23,6130.44,6172.17,6189.17,6130.2,5038973600,52727412759
2017/1/24,6167.84,6165.26,6177.21,6154.07,5012780300,49571128604
2017/1/25,6156.78,6179.57,6187.43,6152.14,4297428800,43740185010
2017/1/26,6183.16,6223.71,6224.19,6183.16,4054247700,41944886987
2017/2/3,6227.46,6207.09,6231.6,6190.83,3554149100,37929189875
2017/2/6,6206.54,6259.25,6259.41,6195.5,4575565600,50034776941
2017/2/7,6254.2,6255.93,6269.46,6223.54,5092823200,53950802890
2017/2/8,6248.47,6291.6,6291.77,6219.02,5388511900,57742142041
2017/2/9,6288.88,6331.18,6331.33,6285.73,7272232900,74903715864
2017/2/10,6329.68,6337.11,6350.34,6320.25,8937713900,87202785397
2017/2/13,6341.73,6369.65,6370.21,6331.96,8376505400,84625077163
2017/2/14,6366.94,6374.89,6378.06,6346.59,7606862900,75879186213
2017/2/15,6367.64,6311.7,6379.79,6301.01,8407660700,84745249693
2017/2/16,6308.32,6359.34,6363.87,6306.51,7507458100,75785517261
2017/2/17,6356.09,6307.16,6365.7,6300.51,7907995200,80705736069
2017/2/20,6307.23,6385.06,6385.06,6307.23,7412663600,80325702731
2017/2/21,6390.51,6434.44,6434.53,6386.9,7889690100,86222033428
2017/2/22,6432.75,6474.23,6474.49,6431.41,8752564100,95597767122
2017/2/23,6470.62,6473.99,6482.25,6435.75,8936667800,99277240144
2017/2/24,6466.18,6476.17,6477.42,6445.07,7625812700,85426215440
2017/2/27,6476.38,6424.25,6480.19,6417.78,7224501000,81011815135
2017/2/28,6425,6450.97,6451.29,6414.78,6303112600,71170206500
2017/3/1,6446.44,6467.64,6488.82,6440.81,7247967100,83177653149
2017/3/2,6476.11,6434.63,6484.12,6431.44,7206417200,84092921492
2017/3/3,6417.39,6452.84,6457.23,6398.88,6525325300,78891589125
2017/3/6,6457.59,6517.32,6518.04,6457.59,6727767200,83853156141
2017/3/7,6517.85,6523.19,6523.36,6491.26,6853491500,82330583705
2017/3/8,6519.97,6497.09,6525.19,6478.55,6306736900,75049470141
2017/3/9,6484.58,6439.38,6484.83,6425,6423898200,73949329067
2017/3/10,6436.76,6447.92,6464.6,6436.64,5635992900,69999414897
2017/3/13,6444.56,6507.9,6508.07,6412.71,6491243000,81201111069
2017/3/14,6508.37,6493.48,6518.78,6480.08,6027199500,74548113277
2017/3/15,6486.3,6486.06,6499.54,6471.72,5575008500,69104007281
2017/3/16,6499.83,6543.34,6543.34,6499.83,6865461900,84809251031
2017/3/17,6543.56,6483.25,6555.58,6480.29,7306370600,89911150469
2017/3/20,6484.54,6498.34,6498.57,6451.35,6164478300,76363964979
2017/3/21,6494.77,6515.95,6516.01,6484.69,5899504200,75784024757
2017/3/22,6486.3,6499.79,6514.63,6459.98,7227336600,88332148328
2017/3/23,6502.13,6512.19,6533.65,6445.81,7691114700,95665083643
2017/3/24,6509.23,6546.61,6552.75,6500.07,8354782200,99764242487
2017/3/27,6545.45,6516.03,6555.79,6510.44,7748273700,91609824450
2017/3/28,6509.04,6498.69,6519.09,6483.64,6126211400,74546542337
2017/3/29,6504.25,6480.54,6522.51,6461.54,8561404800,94145712453
2017/3/30,6467.06,6375.74,6471.94,6369.12,9651272400,1.03E+11
2017/3/31,6374.56,6401.65,6402.22,6365.45,7208277200,81869918412
2017/4/5,6450.9,6539.97,6539.97,6450.9,9701497800,1.10E+11
2017/4/6,6554.75,6559.65,6569.7,6535.04,9747113500,1.07E+11
2017/4/7,6554.26,6578.73,6593.95,6544.24,10059667100,1.15E+11
2017/4/10,6575.46,6566.54,6595.2,6556.08,10252932300,1.18E+11
2017/4/11,6566.84,6629.17,6632,6531.53,12773804800,1.48E+11
2017/4/12,6625.88,6576.48,6626.76,6571.48,11417302700,1.26E+11
2017/4/13,6569.24,6615.7,6627.7,6562.76,8771144000,95722060561
2017/4/14,6623.45,6528.16,6623.8,6522.79,9751115100,1.08E+11
2017/4/17,6500.95,6456.6,6502.04,6426.28,8753220700,99323748147
2017/4/18,6452.92,6418.21,6491.81,6416.17,8018564100,91417770877
2017/4/19,6390.33,6350.65,6401.41,6285.99,8700044700,95577254209
2017/4/20,6349.41,6347.77,6377.8,6299.89,7917415700,92055492681
2017/4/21,6345.77,6300.71,6364.67,6296.81,6087110100,72187532636
2017/4/24,6282.33,6138.5,6282.74,6137.92,7077136800,78586553277
2017/4/25,6139.48,6160.46,6203.68,6131.95,6465772900,73714024619
2017/4/26,6159.89,6176.4,6195.32,6157.4,6974602900,81432873560
2017/4/27,6157.52,6192.3,6205.23,6052.88,8935778900,1.02E+11
2017/4/28,6174.14,6211.86,6214.16,6166.8,6676916700,76705995604
2017/5/2,6205.1,6216.11,6216.49,6186.17,7028900300,83553106435
2017/5/3,6205.68,6197.48,6225.63,6174.69,7247544700,85574278198
2017/5/4,6180.03,6176.31,6236.89,6151.81,7741351300,89915586361
2017/5/5,6155.2,6089.68,6164.25,6089.09,7155199600,81292488330
2017/5/8,6076.46,5975.54,6083.36,5975.22,6718255500,76311198234
2017/5/9,5953.84,6012,6012.44,5919.6,5472699300,62722952719
2017/5/10,6010.73,5885.84,6038.97,5885.52,6264566000,71467192554
2017/5/11,5856.41,5872.64,5873.91,5731.48,7305431400,77588395749
2017/5/12,5859.34,5863.78,5889.93,5820.29,5668562800,62606811862
2017/5/15,5880.7,5893.51,5912.27,5880.7,4972593300,58911836309
2017/5/16,5882.33,6014.73,6014.88,5839.22,7342661600,84036099309
2017/5/17,6006.47,6027.65,6055.92,6001.04,7314690900,84588690909
2017/5/18,5983.35,5976.3,6030.11,5965.35,6006212500,70971740790
2017/5/19,5973.77,5974.98,5990.44,5942.61,5506815200,64668962901
2017/5/22,5962.29,5888.81,5987.31,5873.04,6089413900,66101128000
2017/5/23,5879.56,5764.88,5893.82,5760.32,6491864700,70779450169
2017/5/24,5740.44,5799.25,5799.68,5668.72,5813084700,62845340538
2017/5/25,5788.56,5850.8,5859.5,5740.8,7068395700,75351887954
2017/5/26,5843.52,5836.93,5871.21,5833.09,5925619900,65692499036
2017/5/31,5887.94,5824.1,5913.18,5820.21,5847776900,66221305694
2017/6/1,5810.42,5710,5810.6,5709.69,6027890500,65490263888
2017/6/2,5696.83,5772.52,5780.5,5655.76,5886884700,61562500697
2017/6/5,5778.19,5815.8,5830.05,5777.95,5433329200,59775835963
2017/6/6,5808.97,5841.52,5841.88,5793.44,4878150000,53237820722
2017/6/7,5838.88,5955.02,5955.02,5836.44,7466605900,81742004615
2017/6/8,5947.98,5958.98,5972.73,5940.72,6650654700,74753009505
2017/6/9,5952.41,5969.27,5971.53,5922.73,6210987400,69574732886
2017/6/12,5943.64,5902.86,5950.04,5896.4,6035967500,70214585117
2017/6/13,5895.47,5980.06,5986.87,5894.23,6042416900,70753185224
2017/6/14,5976.01,5966.43,5992.78,5958.2,6092696300,71476434180
2017/6/15,5959.47,6021.17,6024.38,5959.19,6499111000,73277153514
2017/6/16,6016.97,6013,6027.4,6003.26,5691259600,66287703874
2017/6/19,6010.94,6057.41,6057.41,6009.22,5923158500,67315215224
2017/6/20,6061.11,6066.9,6089.81,6058.69,6612240800,77790508880
2017/6/21,6074.61,6078.19,6080.53,6035.27,5673042900,66856678681
2017/6/22,6074.37,5992.34,6094.55,5992.34,6922564100,82350322636
2017/6/23,5978.24,6010.31,6010.31,5923.55,6350512400,73951244991
2017/6/26,6013.48,6111.64,6111.71,6011.86,6984617800,86328092268
2017/6/27,6109.37,6113.17,6128.38,6089.68,6231684900,75563273773
2017/6/28,6102.23,6086.21,6110.35,6075.14,6047948200,71450336215
2017/6/29,6089.92,6116.99,6132.25,6089.92,5803528900,70846315032
2017/6/30,6101.36,6138.16,6139.07,6090.25,5352122300,66361720180
2017/7/3,6142.17,6177.4,6177.4,6129.84,6382532200,74248241220
2017/7/4,6169.03,6146.85,6170.85,6134.88,6311419600,76708822695
2017/7/5,6135.71,6193.96,6193.96,6127.51,6862163800,83041215553
2017/7/6,6187.43,6201.65,6211.97,6149.93,8287181400,97626267780
2017/7/7,6182.45,6226.01,6229.83,6176.74,7932830700,93885482338
2017/7/10,6221.53,6206.56,6236.29,6189,9037099900,1.05E+11
2017/7/11,6194.62,6128.99,6202.2,6128.99,7698233000,90795353530
2017/7/12,6124.96,6132.99,6143.8,6050.65,7557950100,89554635963
2017/7/13,6134.75,6149.93,6172.68,6124.36,7913600900,96251741979
2017/7/14,6143.33,6128.74,6143.46,6107.91,6638636000,80743682309
2017/7/17,6108.45,5876.46,6108.45,5860.78,10153616900,1.13E+11
2017/7/18,5854.07,5938.43,5938.43,5842.96,7656432300,83831518529
2017/7/19,5928.01,6059.36,6059.53,5917.67,10290191400,1.09E+11
2017/7/20,6052.51,6099.28,6120.19,6046.41,9382877000,1.06E+11
2017/7/21,6089.66,6126.11,6136.97,6080.56,8313265400,97182317720
2017/7/24,6121.33,6167.13,6171.82,6117.3,9729992400,1.14E+11
2017/7/25,6159.41,6153.6,6170.65,6113.56,8922430400,1.03E+11
2017/7/26,6151.85,6146.7,6162.88,6111.04,8875349500,1.06E+11
2017/7/27,6136.96,6184.02,6192.94,6105.96,10400553800,1.21E+11
2017/7/28,6170.66,6215.46,6229.06,6165.99,8646787900,1.05E+11
2017/7/31,6214.66,6298,6299.8,6208.46,11333106600,1.30E+11
2017/8/1,6293.06,6286.54,6299.16,6261.28,10108155700,1.17E+11
2017/8/2,6289.25,6251.86,6313.51,6248.36,11401201100,1.33E+11
2017/8/3,6240.15,6261.97,6288.44,6236.66,10015993900,1.13E+11
2017/8/4,6258.85,6225.12,6297.12,6224.2,12588838600,1.40E+11
2017/8/7,6227.52,6303.42,6304.27,6217.29,10857231600,1.14E+11
2017/8/8,6302.03,6303.72,6322.47,6281.62,12038043700,1.31E+11
2017/8/9,6296.11,6340.02,6340.38,6285.02,11534764800,1.24E+11
2017/8/10,6322.83,6289.22,6341.48,6246.66,11269947000,1.28E+11
2017/8/11,6242.49,6161.19,6275.89,6153.6,11786061600,1.32E+11
2017/8/14,6165.13,6292.64,6293.35,6165.13,8984502300,1.13E+11
2017/8/15,6291.18,6314.76,6316.2,6283.54,8260366300,1.08E+11
2017/8/16,6307.17,6318.8,6323.56,6268.19,8961769800,1.13E+11
2017/8/17,6327.03,6366.03,6366.25,6312.89,9872488600,1.19E+11
2017/8/18,6324.9,6347.76,6361.97,6313.15,9117455400,1.11E+11
2017/8/21,6354.1,6403.78,6404.05,6354.01,8652179500,1.06E+11
2017/8/22,6396.93,6375.98,6398.56,6362.41,8910016600,1.17E+11
2017/8/23,6359.78,6322.78,6371.3,6310.01,7560985100,94213289884
2017/8/24,6322.63,6278.59,6329.03,6267.23,6756758600,86463516864
2017/8/25,6274.35,6346.53,6358.89,6274.35,7554972700,94698935464
2017/8/28,6348.87,6424.58,6442.4,6348.87,9489340100,1.23E+11
2017/8/29,6420.57,6408.16,6439.08,6393.48,8770409700,1.11E+11
2017/8/30,6405.9,6453.46,6462.76,6405.9,9555966100,1.16E+11
2017/8/31,6451.52,6470.43,6470.94,6429.74,9102916900,1.11E+11
2017/9/1,6472.95,6526.5,6530.9,6466.13,12111719200,1.41E+11
2017/9/4,6530.51,6564.68,6566.1,6519.79,11998402500,1.44E+11
2017/9/5,6561.67,6571.86,6576.56,6528.11,9523207700,1.20E+11
2017/9/6,6550.06,6607.12,6610.75,6540.83,10547823300,1.36E+11
2017/9/7,6601.34,6558.6,6614.1,6553.7,10706180700,1.34E+11
2017/9/8,6554.6,6574.18,6599.13,6537.04,9385159300,1.21E+11
2017/9/11,6579.89,6649.63,6650.12,6566.28,10254740000,1.35E+11
2017/9/12,6659.8,6644.01,6715.39,6628.88,14188027500,1.90E+11
2017/9/13,6635.17,6684.38,6684.86,6630.5,10472243700,1.37E+11
2017/9/14,6683.47,6672.18,6701.69,6643.59,11396678200,1.45E+11
2017/9/15,6661.52,6622.04,6663.51,6603.73,10938423400,1.34E+11
2017/9/18,6616.13,6669.45,6669.45,6616.13,8885059700,1.11E+11
2017/9/19,6670.97,6636.02,6681.25,6611.75,9351872100,1.18E+11
2017/9/20,6627.69,6692.47,6692.71,6613.66,10197248600,1.27E+11
2017/9/21,6684.65,6612.05,6687.12,6612.05,9893749300,1.21E+11
2017/9/22,6591.15,6572.01,6592.88,6547.28,8523646900,1.03E+11
2017/9/25,6560.14,6489.84,6568,6484.21,7782925000,97438346165
2017/9/26,6484.34,6520.72,6520.72,6482.29,6776594500,82514551821
2017/9/27,6523.5,6583.14,6589.74,6522.2,7517127200,94752430763
2017/9/28,6577.43,6567.79,6599.13,6565.88,7462589200,94419077217
2017/9/29,6572.45,6603.26,6611.65,6572.45,7093629400,91769780478
2017/10/9,6682.58,6678.37,6696.67,6657.53,8641966900,1.11E+11
2017/10/10,6677.37,6705.48,6705.72,6658.86,8700518600,1.11E+11
2017/10/11,6702.69,6666.47,6703.58,6661.09,9074605300,1.21E+11
2017/10/12,6658.13,6659.1,6674.38,6611.97,7796096200,99226610301
2017/10/13,6660.03,6709.82,6711.93,6659.88,7292562100,94892307593
2017/10/16,6709.87,6619.21,6709.87,6609.62,8587104800,1.09E+11
2017/10/17,6604.33,6612.94,6644.75,6589.54,5941924700,78773100832
2017/10/18,6612.49,6563.44,6630.67,6557.66,7337096600,88963265926
2017/10/19,6553.87,6501.4,6562.35,6494.73,7261579000,85253455867
2017/10/20,6489.79,6571.42,6571.44,6485.81,6047931600,77533389311
2017/10/23,6569.79,6612.76,6613.03,6562.91,6048195300,79350010217
2017/10/24,6605.52,6603,6605.9,6556.34,5917131400,78606997172
2017/10/25,6596.79,6647.89,6648.39,6593.07,5864690200,80183428258
2017/10/26,6639.89,6671.93,6686.12,6630.97,7490589400,1.05E+11
2017/10/27,6664.43,6630.81,6673.47,6622.12,6792114100,90443686927
2017/10/30,6621.78,6511.76,6629.3,6460.05,8376417500,1.09E+11
2017/10/31,6496.69,6560.21,6560.25,6496.69,6226143600,88141843094
2017/11/1,6559.52,6552.95,6586.13,6547.85,6463277600,92988635163
2017/11/2,6541.61,6484.93,6541.61,6476.37,6755234700,90871972558
2017/11/3,6477.82,6426.98,6491.05,6395.46,6825710200,89315916521
2017/11/6,6432.07,6511.1,6512.13,6408.36,6671760000,93924410675
2017/11/7,6508.21,6551.94,6552.26,6498.39,7237767400,97329814711
2017/11/8,6544.59,6561.69,6601.47,6534.16,7380679800,1.02E+11
2017/11/9,6562.36,6611.35,6611.39,6558.49,6881846600,93514199765
2017/11/10,6599.65,6641.22,6647.23,6593.03,8001249700,1.12E+11
2017/11/13,6644.69,6671.21,6671.26,6624.67,8459671200,1.22E+11
2017/11/14,6664.61,6614.51,6673.75,6588.25,8474906100,1.20E+11
2017/11/15,6592.76,6537.66,6603.51,6505.99,7394918100,1.08E+11
2017/11/16,6529.31,6558.31,6570.28,6511.9,6794015900,97928408033
2017/11/17,6549.22,6361.94,6555.75,6359.52,8901897200,1.16E+11
2017/11/20,6330.9,6433.17,6433.78,6239.32,7006670500,95164685557
2017/11/21,6420.39,6456.35,6473.7,6397.36,6775458000,97778880445
2017/11/22,6456.32,6439.44,6483.63,6391.46,7089592400,99818243008
2017/11/23,6427.58,6274.51,6427.58,6274.51,7500973200,1.04E+11
2017/11/24,6250.06,6278.03,6307.89,6243.96,5904905600,82258346140
2017/11/27,6269.23,6194.55,6279.59,6186.03,5940749100,78092823001
2017/11/28,6188.09,6299.31,6299.31,6188.09,5647823400,71418772703
2017/11/29,6293.25,6318.37,6329.18,6245.06,7656391500,94409003342
2017/11/30,6303.92,6263.42,6322.04,6248.18,6088335500,77704182844
2017/12/1,6259.96,6316.41,6323.84,6256.23,5474628200,72064723367
2017/12/4,6311.22,6279.62,6334.87,6272.67,6018816900,79301552972
2017/12/5,6265.79,6132.91,6279.39,6099.41,6969023200,87408924597
2017/12/6,6116.16,6172.8,6173.35,6053.24,6026721300,74993647698
2017/12/7,6156.35,6135.47,6182.75,6130.83,5309797200,69245091449
2017/12/8,6128.12,6203.14,6217.57,6126.38,5557924400,72390389048
2017/12/11,6214.64,6286.17,6286.5,6214.64,6111290600,77392024898
2017/12/12,6281.14,6233.21,6290.85,6233.21,5661439700,73964805523
2017/12/13,6224.78,6277.44,6277.73,6217.79,5035200100,64676017755
2017/12/14,6273.61,6284.08,6288.5,6247.68,5575924000,72497810176
2017/12/15,6274.1,6235.76,6278.93,6214.65,6193811200,77690464896
2017/12/18,6229.74,6199.99,6247.59,6179.03,5377219000,67137249169
2017/12/19,6200.93,6251.24,6251.49,6200.71,5263930800,65186684817
2017/12/20,6244.06,6199.36,6246.91,6188.32,5781453200,69446005873
2017/12/21,6191.78,6238.5,6255.84,6148.82,5924585900,73900048518
2017/12/22,6236.23,6242.88,6269.31,6235.23,5501064400,70736577942
2017/12/25,6244.86,6185.59,6257.02,6170.68,6126471200,75604344578
2017/12/26,6179.56,6220.15,6220.5,6148.1,5767165600,69117514462
2017/12/27,6213.24,6173.15,6228.88,6168.13,6419752900,78009656616
2017/12/28,6163.96,6204.27,6219.54,6157.11,6587754200,78010228451
2017/12/29,6201.46,6250.82,6250.82,6201.46,5716563100,71841804485
2018/1/2,6263.15,6332.23,6332.61,6258.16,7303223500,88153985316
2018/1/3,6331.72,6388.25,6391.98,6324.26,8393674500,1.03E+11
2018/1/4,6380.27,6417.53,6418.26,6375.51,8054369000,1.03E+11
2018/1/5,6414.77,6417.25,6435.85,6397.29,8158101800,97642297444
2018/1/8,6413.87,6446.18,6446.79,6393.88,8947692900,1.06E+11
2018/1/9,6441.68,6445.75,6449.03,6425.03,7557321700,92837783216
2018/1/10,6443.46,6405.94,6444.31,6361.09,8096697400,98938304429
2018/1/11,6391.9,6425.94,6432.44,6371.54,7877007100,91569210698
2018/1/12,6418.83,6399.37,6435.19,6387.78,7783455800,89777057638
2018/1/15,6391.37,6253.38,6392.52,6236.56,9147403200,1.11E+11
2018/1/16,6245.15,6301.13,6301.4,6245.11,7916973400,96364861655
2018/1/17,6288.02,6267.46,6288.14,6202.32,8419550300,99694461862
2018/1/18,6253.06,6286.8,6295.78,6253.06,6501529300,76896813455
2018/1/19,6284.6,6272.38,6317,6261.24,7180674200,84263163776
2018/1/22,6264.76,6347.64,6347.81,6248.31,7276116900,85475484245
2018/1/23,6342.69,6355,6362.58,6330.46,6675388600,80539655636
2018/1/24,6353.3,6394.3,6395.57,6322.92,7734772700,94754084073
2018/1/25,6386.8,6382.72,6424.35,6380.84,8108293700,95990443459
2018/1/26,6374.1,6383.63,6401.48,6368.9,6900454900,82476800609
2018/1/29,6385.04,6309.88,6398.97,6295.9,8403116100,96862079562
2018/1/30,6301.35,6313.44,6330.54,6300.46,7069968800,81577586589
2018/1/31,6277.74,6189.34,6277.74,6170.16,8073349500,88106213761
2018/2/1,6181,5984.74,6196.71,5984.28,9496852400,1.02E+11
2018/2/2,5937.62,6004.85,6006.47,5844.46,8374756100,89557325620
2018/2/5,5927.74,5998.22,6016.16,5907.47,7404651900,79277070536
2018/2/6,5886.35,5704.26,5920.74,5702.85,9234070900,95655940855
2018/2/7,5805.97,5711.33,5831.81,5630.09,8523599700,88965422773
2018/2/8,5695.67,5766.48,5786.79,5691.29,6244479700,66338245095
2018/2/9,5631.96,5554.9,5663.1,5490.62,8431884200,82291670302
2018/2/12,5581.71,5699.1,5714.82,5581.71,5724649400,61430758213
2018/2/13,5731.15,5736.95,5789.7,5727.75,5720863400,62790499693
2018/2/14,5741.88,5754.83,5761.77,5712.88,4139822200,42489982297
2018/2/22,5800.95,5875.73,5875.76,5797.91,5963610700,61991950413
2018/2/23,5877.72,5897.68,5902.94,5848.52,6214785000,64825103161
2018/2/26,5926.42,6029.68,6032.14,5917.62,8307398700,92064854906
2018/2/27,6025.88,6010.56,6042.39,6000.88,7702215800,90285128512
2018/2/28,5967.9,6023.68,6044.07,5939.64,7098691700,82266508208
2018/3/1,5987.36,6090.22,6091,5974.12,7310177300,86470400022
2018/3/2,6053.48,6056.34,6094.8,6044.26,7343482900,86135000103
2018/3/5,6066.68,6064.1,6080.97,6031.98,6732469300,82113731232
2018/3/6,6077.37,6145.58,6145.85,6070.72,8349576700,99900152655
2018/3/7,6133.95,6086.49,6149.1,6082.58,7459412900,84935051857
2018/3/8,6073.67,6131.51,6131.7,6073.67,6788991100,76733020342
2018/3/9,6131.12,6206.98,6211.28,6131.01,8592834100,98413231492
2018/3/12,6230.81,6295.78,6295.78,6230.39,9766227600,1.17E+11
2018/3/13,6285.8,6254.15,6297.43,6251.4,8480475800,97523497130
2018/3/14,6234.24,6189.32,6253.17,6185.18,7546663300,87185225281
2018/3/15,6172.85,6180.11,6203.24,6117.6,7217392100,82975054448
2018/3/16,6181.38,6146.31,6205.87,6146.31,6507353400,75643387216
2018/3/19,6142.52,6153.83,6186.61,6118.3,6723321400,78681889716
2018/3/20,6109.6,6173.7,6176.5,6091.5,6747566200,78423733546
2018/3/21,6182.11,6129.2,6224.56,6125.14,7948716100,92526116108
2018/3/22,6130.05,6101.23,6161.37,6074.66,6740744100,78135866726
2018/3/23,5913.37,5787.15,5978.42,5722.77,12136706100,1.21E+11
2018/3/26,5715.35,5902.96,5902.96,5675.37,8477291300,91809710463
2018/3/27,5956.24,6034.77,6043.05,5956.24,8919927100,1.07E+11
2018/3/28,5962.56,5973.34,6036.16,5949.1,7529909400,90975268229
2018/3/29,5993.97,6034.86,6040.86,5967.63,6881373500,82742504256
2018/3/30,6052.18,6114.74,6115.27,6051.02,7304648900,94445331821
2018/4/2,6127.23,6121.96,6169.3,6113.34,8543383300,1.10E+11
2018/4/3,6039.07,6059.71,6066.44,6008.51,7174988300,87808371289
2018/4/4,6077.65,6017.69,6098.84,6011.15,6726019800,83134527958
2018/4/9,5994.35,6025.65,6053.97,5954.54,6485182000,79255887033
2018/4/10,6032.49,6063.74,6064.39,5993,6942099000,81611900906
2018/4/11,6082.03,6086.61,6110.18,6073.22,6624885900,81079826331
2018/4/12,6073.77,6051.33,6091.98,6039.56,6052424000,72705100810
2018/4/13,6073.84,6027.19,6093.35,6018.01,5415763600,66885602110
2018/4/16,6018.17,6012.41,6053.99,5966.2,7098586100,87151671406
2018/4/17,6024.55,5890.86,6038.25,5886.02,7192025800,88004229071
2018/4/18,5925.84,5970.66,5981.34,5826.65,7620171200,98199217832
2018/4/19,5965.24,6004.73,6041.99,5962.71,7599855600,99648952359
2018/4/20,5984.06,5880.84,5999.01,5872.5,7239138900,90559645161
2018/4/23,5885.61,5823.92,5913.57,5761.97,6395239900,81374959446
2018/4/24,5825.45,5957.19,5957.83,5825.45,6795411800,85162005263
2018/4/25,5929.4,5959.42,5968.88,5919.52,6038279000,78868220460
2018/4/26,5951.19,5847.98,5955.26,5846.08,6263839400,77107589606
2018/4/27,5865.44,5860.98,5886,5808.78,5599782200,72295757676
2018/5/2,5861.84,5855.32,5894.46,5817.39,6314702700,78765922511
2018/5/3,5843.09,5910.61,5911.09,5779.73,6760449000,83816639269
2018/5/4,5891.12,5909.29,5939.95,5883.7,5546404700,73639276000
2018/5/7,5921.31,6019.14,6023.19,5918.38,6403335800,83485023684
2018/5/8,6023.58,6041.81,6042.07,6012.13,6219466600,80480596675
2018/5/9,6034.46,6029.23,6042.91,6002.39,5412415300,67413871007
2018/5/10,6036.01,6040.57,6052.71,5999.95,5831066500,72313749966
2018/5/11,6044.98,5991.34,6052.54,5989.43,6384725300,76807400761
2018/5/14,5982.47,5967.55,6008.89,5951.67,5979819200,75641885813
2018/5/15,5972.16,6020.57,6021.02,5947.46,5472154600,69542971179
2018/5/16,6002.75,6004.07,6045.03,5991.38,5833864000,74115190084
2018/5/17,6000.74,5973.78,6010.3,5959.73,5299727300,65967379650
2018/5/18,5968.56,5995.15,6000.95,5932.13,5786827400,70899023731
2018/5/21,6034.43,6072.2,6080.82,6034.06,7072245100,86933285890
2018/5/22,6066.25,6092.91,6092.91,6052.09,6226685200,74429137265
2018/5/23,6080.73,6013.85,6081.53,6012.42,6784586800,82629862738
2018/5/24,6014.02,5992.62,6028.5,5986.72,5371180800,67066127743
2018/5/25,5983.94,5917.8,5992.48,5909.04,5779380900,69492013355
2018/5/28,5910.48,5891.26,5938.07,5858.27,5781012200,68653122203
2018/5/29,5884.59,5835.45,5921.72,5832.55,5617992900,67901925168
2018/5/30,5759.45,5682.59,5778.04,5675.91,6852788500,76127637098
2018/5/31,5722.95,5754.47,5760.2,5672.18,5600885400,65192215184
2018/6/1,5729.92,5685.12,5759.5,5654.84,5383357100,61533903644
2018/6/4,5692.97,5683.15,5707.49,5652.14,4675028200,54050300213
2018/6/5,5681.22,5779.08,5779.86,5680.49,4741047000,56450385318
2018/6/6,5770.71,5774.26,5784.61,5748.7,4818250800,56304602756
2018/6/7,5786.46,5738.02,5798.33,5734.63,4737619100,54089371806
2018/6/8,5731.84,5669.3,5731.84,5630.66,5292555500,58767162890
2018/6/11,5657.65,5632.36,5672.63,5612.87,4310969100,48746492299
2018/6/12,5638.35,5693.35,5693.61,5594.92,4664535800,54189505137
2018/6/13,5678.81,5607.02,5679.67,5605.55,4923421400,53944405090
2018/6/14,5590.57,5586.93,5645.19,5570.83,4441970900,49865462908
2018/6/15,5582.84,5483.94,5593.69,5448.07,5644857400,59537596124
2018/6/19,5396.68,5141.71,5409.41,5070.22,8298635300,76922845435
2018/6/20,5114.06,5198.39,5222.88,5090.22,6032941700,57106400037
2018/6/21,5196.13,5089.25,5244.65,5086.93,6324047800,60429343501
2018/6/22,5052.44,5160.12,5165.04,5017.51,5168920600,49898726274
2018/6/25,5196.65,5125.03,5211.76,5121.21,4786081100,46663143997
2018/6/26,5059.38,5160.28,5170.17,5044.24,5106658700,49773352500
2018/6/27,5159.62,5109.5,5188.2,5089.71,4985784100,48613424210
2018/6/28,5097.51,5055.11,5150.65,5050.32,4776751800,46664972984
2018/6/29,5061.09,5217.76,5218.91,5054.05,5723493700,57894812193
2018/7/2,5216.85,5138.78,5238.64,5100.87,5524892900,58629477981
2018/7/3,5138.55,5197.13,5203.36,5054.66,6142423300,64268450148
2018/7/4,5171.19,5121.34,5180.27,5102.78,5385995100,53143823675
2018/7/5,5109.14,4982.76,5126.47,4981.78,5292741400,52638805703
2018/7/6,4981.98,4996.63,5061.04,4897.26,6134025500,62083400326
2018/7/9,5007.21,5107.55,5107.87,5007.21,5293715900,55786376988
2018/7/10,5114.12,5136.53,5141.71,5094.29,5222766900,54565886989
2018/7/11,5060.07,5036.16,5070.49,4973.99,5891526200,58812377652
2018/7/12,5029.29,5172.5,5184.02,5029.29,6808956600,71215041001
2018/7/13,5174.51,5204.19,5207.36,5167.16,5635421000,61214640120
2018/7/16,5201.53,5195.2,5216.56,5170.22,5166737200,57488249263
2018/7/17,5189.15,5196.2,5196.2,5132.21,4824332200,52610201449
2018/7/18,5198.89,5156.64,5220.18,5156.64,5525713400,57391510843
2018/7/19,5153.38,5111.33,5179.73,5088.12,5048393400,51462192224
2018/7/20,5105.65,5175.25,5184.87,5072.16,5786851400,58971319074
2018/7/23,5146.62,5214,5214.38,5132.38,6848431500,71205888480
2018/7/24,5213.39,5304.64,5315.67,5211.94,8820181600,89531029280
2018/7/25,5308.02,5308.66,5332.62,5294.42,7485086000,72266872320
2018/7/26,5307.3,5273.48,5318.88,5262.31,7512024000,65271805645
2018/7/27,5270.23,5249.29,5281.35,5230.1,6171588700,54149400064
2018/7/30,5244.77,5185.15,5255.19,5167.4,6083602400,58367011438
2018/7/31,5182.83,5188.72,5208.38,5163.66,4949635600,49340085644
2018/8/1,5198.46,5105.37,5233.5,5105.37,6036948500,58600856450
2018/8/2,5094.34,4996.01,5094.34,4887.5,7439032500,67786089635
2018/8/3,4982.89,4929.75,5008.24,4929.75,5073579700,48281908095
2018/8/6,4919.5,4825.25,4941.18,4798.85,5245522000,51046892567
2018/8/7,4836.31,4956.87,4956.87,4797.45,5914578000,55813440682
2018/8/8,4940.78,4880.57,4952.42,4877.66,5808305100,53408613615
2018/8/9,4862.15,5004.77,5030.16,4856.48,6826483300,64727844418
2018/8/10,5000.05,5030.51,5037.49,4990.83,5318501200,53025202318
2018/8/13,4981.34,5055.28,5064.02,4958.89,5572265200,57931356663
2018/8/14,5043.89,5037.88,5061.41,5016.32,4637591200,47977087129
2018/8/15,5035.57,4932.81,5038.77,4929.2,5334998500,49219326097
2018/8/16,4876.69,4888.37,4943.2,4836.05,5239384400,47422713812
2018/8/17,4923.44,4803.03,4941.1,4793.77,5170797400,47777882689
2018/8/20,4794.24,4832.65,4832.91,4736.56,5163111200,47753724289
2018/8/21,4831.21,4891.98,4901.12,4816.85,4973790400,48883527002
2018/8/22,4877.01,4837.02,4878.82,4829.61,4392226700,41150044535
2018/8/23,4832.01,4863.67,4885.81,4821.11,4726381100,47302482149
2018/8/24,4853.86,4852.29,4880.89,4831.89,4389810000,41741677834
2018/8/27,4859.12,4960.07,4964.45,4859.12,5854579900,58402040239
2018/8/28,4964.73,4974.21,4983.94,4954.17,5346544000,53028656165
2018/8/29,4972.08,4941.96,4974.16,4929.46,5327221200,45121110906
2018/8/30,4937.65,4867.12,4952.61,4861.06,5415846200,47422496786
2018/8/31,4854.96,4814.82,4862.44,4805.21,4801205400,42052874631
2018/9/3,4808.38,4838.87,4840.15,4754.81,5290260200,46495749586
2018/9/4,4833.88,4890.28,4905.02,4828.52,6102491400,54969300206
2018/9/5,4877.11,4815.03,4886.27,4814.96,5840354300,47239977655
2018/9/6,4800.94,4793.35,4849.18,4773.88,4586849400,44572540920
2018/9/7,4796.84,4791.78,4867.53,4759.49,5360007200,53242803442
2018/9/10,4792.6,4704.88,4794.01,4701.29,5132647500,45376003771
2018/9/11,4702.83,4702.9,4738.26,4669.42,4996800700,42215660888
2018/9/12,4700.9,4693.97,4733.58,4681.13,4254088200,38524810760
2018/9/13,4727.43,4721.21,4752.9,4655.21,5569210200,47279214488
2018/9/14,4720.78,4670.08,4724,4669.94,5644793000,44931921146
2018/9/17,4649.95,4602.39,4649.95,4586.32,4933894600,37905863065
2018/9/18,4588.23,4683.51,4684.29,4584.43,5443232600,44579158885
2018/9/19,4673.95,4736.89,4772.95,4664.13,6705585600,55671375969
2018/9/20,4734.48,4733.48,4761.41,4723.3,5639897400,43574339400
2018/9/21,4743.81,4805.22,4813.29,4721.69,6589519600,52507709799
2018/9/25,4774.79,4792.55,4810.34,4763.21,5265424000,42641650959
2018/9/26,4794.07,4815.63,4841.7,4782.39,6471955600,51709759382
2018/9/27,4812.64,4755.38,4817.62,4754.28,6143767200,47097829211
2018/9/28,4762.33,4800.73,4802.16,4746.18,5726864000,45938739634
2018/10/8,4722.42,4646.49,4737.29,4639.4,6327566400,49494827742
2018/10/9,4652.49,4634.89,4685.22,4612.64,5043745400,41244020750
2018/10/10,4634.64,4629.89,4655.55,4586.89,5133963700,39541080144
2018/10/11,4483.27,4307.42,4503.2,4274.7,9056360100,64480315025
2018/10/12,4267.36,4278.04,4300.01,4136.63,8152514900,56700633804
2018/10/15,4283.36,4199.15,4317.71,4195.83,6229184800,44849001651
2018/10/16,4193.38,4099.68,4221.34,4076.87,6107665900,44015881331
2018/10/17,4147.35,4133.38,4167.76,4038.42,6952388100,47137717264
2018/10/18,4104.33,4018.46,4104.33,4013.65,5978391100,40382606949
2018/10/19,3958.45,4127.99,4130.93,3948.56,6956157800,49937027368
2018/10/22,4165.76,4333.14,4375.6,4165.76,9295831900,69510999529
2018/10/23,4336.45,4253.56,4350.73,4228.33,7466806500,54448393797
2018/10/24,4233.84,4245.49,4297.37,4207.16,6282348200,44264708175
2018/10/25,4124.19,4234.42,4240.58,4103.56,6968720600,48371839270
2018/10/26,4260.91,4233.96,4294.56,4217.79,6798362100,46824099369
2018/10/29,4220.64,4162.53,4227.64,4144.81,5745157000,41278101419
2018/10/30,4145.4,4204.54,4233.79,4096.14,7283465000,52308156538
2018/10/31,4207.76,4272.55,4298.24,4204.36,7468776500,53243305593
2018/11/1,4299.46,4298.98,4367.73,4294.87,8605914200,65004691638
2018/11/2,4366.73,4437.95,4437.98,4360.87,9689216800,75808808224
2018/11/5,4427.63,4440.83,4466.14,4375.04,8777727700,66155141568
2018/11/6,4427.36,4438.1,4440.11,4385.33,6980304900,51219256984
2018/11/7,4437.72,4415.14,4479.69,4414.07,7808636800,58896533555
2018/11/8,4442.66,4382.33,4450.98,4379.88,7214535500,51522224308
2018/11/9,4363.21,4368.61,4396.39,4348.81,6742496000,45846347515
2018/11/12,4360.63,4481.69,4481.77,4354.47,8699053600,59949621268
2018/11/13,4430.95,4563.54,4588.5,4422.95,12871036300,84982054207
2018/11/14,4551.8,4545.51,4600.13,4534.52,11259883000,74023764776
2018/11/15,4540.88,4619.81,4619.81,4539.96,9830520000,69668883541
2018/11/16,4625,4659.1,4691.56,4609.83,11067182400,82381068855
2018/11/19,4660.48,4670.74,4677.97,4612.48,11101510600,82549163316
2018/11/20,4629.13,4537.45,4645.9,4535.87,10312422500,76300239207
2018/11/21,4483.38,4554.67,4564.53,4476.42,9015662700,65298600566
2018/11/22,4562.64,4551.33,4583.37,4528.24,7527499300,54157291828
2018/11/23,4542.11,4374.76,4547.51,4365.35,9207482800,64245132838
2018/11/26,4371.42,4367.46,4408.11,4347.75,6858469900,45641649803
2018/11/27,4393.29,4387.65,4416.36,4361.02,6235271000,43832226111
2018/11/28,4389.83,4441.86,4441.86,4333.06,7250793100,50581746734
2018/11/29,4462.79,4345.7,4473.31,4344.9,7710248100,52609677007
2018/11/30,4334.04,4376.65,4385,4291.81,6384878900,44026264210
2018/12/3,4483.66,4515.17,4536.83,4460.39,9626575200,72617444583
2018/12/4,4506.25,4536.21,4538.42,4492.06,7628021300,56315559771
2018/12/5,4456.2,4502.7,4532.28,4445.97,7427597300,55251925549
2018/12/6,4476.81,4411.09,4483.32,4405.84,6604759600,52051360375
2018/12/7,4419.61,4410.96,4432.33,4397.42,5175505400,41253201540
2018/12/10,4381.38,4359.31,4396.4,4350.23,5394034800,40103184692
2018/12/11,4373.03,4395.57,4398.06,4365.12,5043078100,37194242182
2018/12/12,4408.91,4393.32,4417.6,4381.32,4809361200,35826068754
2018/12/13,4405.09,4443.16,4471.26,4378.46,6361391000,47775555072
2018/12/14,4436,4337.1,4439.05,4331.38,6578654600,47335305358
2018/12/17,4322.59,4330.65,4341.2,4285.21,5150281500,38561891398
2018/12/18,4308.05,4307.27,4339.4,4266.45,5130347800,37327896872
2018/12/19,4311.28,4247.9,4315.11,4245.15,4626017400,33854346744
2018/12/20,4240.37,4259.76,4274.01,4225.13,4696785200,34730999574
2018/12/21,4246.43,4231.14,4260.29,4204.49,4711042500,35374801447
2018/12/24,4227.35,4274.72,4276.97,4215.02,4184194100,32706121620
2018/12/25,4233.54,4225.51,4244.95,4132.76,6038367300,43750314456
2018/12/26,4218.66,4208.41,4241.35,4194.31,4503293300,34328585011
2018/12/27,4263.33,4161.27,4272.81,4159.77,5421939300,40327766018
2018/12/28,4168.94,4168.04,4192.7,4138.93,4996418500,37350056815
2019/1/2,4176.11,4131.96,4179.72,4125.94,4749444900,35572462261
2019/1/3,4131.69,4112.81,4182.2,4110.53,5549124400,41103713166
2019/1/4,4075.62,4210.88,4210.88,4071.69,7344873700,52230681319
2019/1/7,4235.03,4288.32,4297.02,4223.46,8115345000,59231303976
2019/1/8,4278.28,4277.3,4289.63,4264.6,6955693700,49700132327
2019/1/9,4286.23,4288.77,4354.2,4280.66,8515359500,61510931891
2019/1/10,4289.56,4281.86,4319.49,4274.2,6891088900,49243142091
2019/1/11,4282.39,4314.88,4316.54,4267.29,6835508500,46599960152
2019/1/14,4317.52,4286.55,4325.95,4278.76,6767961400,44765955490
2019/1/15,4282.99,4347.36,4350.93,4271.64,7200518100,50608143347
2019/1/16,4347.08,4336.88,4364.1,4330.74,6927474400,50030063790
2019/1/17,4334.63,4303.73,4347.18,4297.67,7456211300,48421136078
2019/1/18,4307.14,4347.81,4351.44,4297.48,8337161100,55476936297
2019/1/21,4354.7,4373.63,4395.06,4352.81,7278153100,52937642778
2019/1/22,4370.86,4308.25,4370.86,4291.96,6949667200,47826602461
2019/1/23,4298.94,4315.68,4322.89,4292.09,5848573500,40571874370
2019/1/24,4318.71,4338.17,4363.22,4292.83,7063030500,51572057927
2019/1/25,4341.41,4318.44,4359.46,4315.95,7165747800,52504910506
2019/1/28,4341.49,4307.22,4370.9,4297.96,6727993500,49287478132
2019/1/29,4301.47,4254.29,4301.47,4188.59,7775372700,54223809273
2019/1/30,4235.27,4211.62,4266.88,4211.19,5851377000,42466758483
2019/1/31,4203.98,4176.47,4240.72,4151.41,7151120500,47694716159
2019/2/1,4189.11,4294.27,4295.04,4189.11,6609967700,47693471397
2019/2/11,4306.2,4402.87,4403.73,4306.2,7529735600,56743679262
2019/2/12,4398.44,4439.48,4452.5,4394.83,8527115600,61588925289
2019/2/13,4442.73,4512.41,4526.27,4433.03,11321890300,82940466826
2019/2/14,4507.84,4532.17,4555.23,4494.55,9482853300,70164059523
2019/2/15,4523.94,4502.73,4544.39,4497.39,9351160700,67254618818
2019/2/18,4527.97,4661,4661,4527.97,12412400400,92189941713
2019/2/19,4683.33,4667.28,4706.53,4614.28,14387476800,1.06E+11
2019/2/20,4667.35,4667.62,4677.98,4619.46,12021312900,87303394555
2019/2/21,4666.28,4659.14,4750.42,4643.11,14595111300,1.11E+11
2019/2/22,4651.54,4777.3,4777.3,4649.22,14616614200,1.12E+11
2019/2/25,4840.54,5044.35,5045.08,4835.48,24178357900,1.91E+11
2019/2/26,5059.28,5038.54,5149.62,5004.55,26283326500,1.96E+11
2019/2/27,5027.39,5017.88,5093.8,4964.62,20885408700,1.55E+11
2019/2/28,5017.44,5025.29,5072.67,4994.05,15604287700,1.17E+11
2019/3/1,5047.23,5067.23,5067.31,4984.99,14982833000,1.13E+11
2019/3/4,5112.95,5158.25,5253.39,5108.28,23244686400,1.84E+11
2019/3/5,5146.62,5295.29,5295.29,5125.15,20689126100,1.68E+11
2019/3/6,5328.13,5390.03,5395.55,5256.79,26496431800,2.10E+11
2019/3/7,5381.23,5458.62,5512.64,5353.57,26696722000,2.15E+11
2019/3/8,5340.11,5245.7,5480.17,5245.53,28568024900,2.30E+11
2019/3/11,5279.75,5456.38,5456.42,5272.19,21425221300,1.86E+11
2019/3/12,5500.94,5551,5591.69,5458.76,24933399300,2.16E+11
2019/3/13,5557.16,5424.86,5557.16,5388.25,22434923600,2.01E+11
2019/3/14,5381.11,5298.5,5432.52,5236.75,17860867900,1.54E+11
2019/3/15,5328.81,5359.01,5418.33,5308.06,15284646500,1.40E+11
2019/3/18,5387.38,5501.18,5501.18,5333.26,17265525500,1.54E+11
2019/3/19,5505.7,5522.18,5555.12,5486.8,16671393100,1.50E+11
2019/3/20,5518.31,5515.79,5533.05,5415.75,17682073500,1.54E+11
2019/3/21,5525.99,5589.48,5634.66,5513.39,20715004500,1.84E+11
2019/3/22,5591.04,5622.14,5625.1,5505.81,18195482300,1.69E+11
2019/3/25,5521.25,5549.67,5629.23,5507.36,17843293700,1.66E+11
2019/3/26,5571.53,5394.88,5589.41,5380.85,17616473000,1.61E+11
2019/3/27,5431.98,5447.88,5447.88,5333.78,14495660800,1.35E+11
2019/3/28,5432.94,5370.12,5487.77,5370.12,14926108200,1.41E+11
2019/3/29,5370.42,5547.66,5550.76,5346.21,17833301700,1.65E+11
2019/4/1,5591.67,5757.84,5763.58,5591.67,22118163100,2.08E+11
2019/4/2,5794.79,5775.55,5833.02,5750.33,22875028400,2.16E+11
2019/4/3,5744.22,5836.04,5843.47,5724.13,19910476300,1.82E+11
2019/4/4,5868.39,5871.56,5894.99,5813.46,20883485900,1.97E+11
2019/4/8,5921.21,5847.63,5939.5,5765.91,23831746600,2.23E+11
2019/4/9,5834.29,5858.05,5877.84,5798.37,17936350200,1.69E+11
2019/4/10,5826.03,5850.76,5906.43,5782.37,17875360700,1.73E+11
2019/4/11,5852.64,5727.17,5866.92,5720.55,16587607300,1.57E+11
2019/4/12,5720.05,5714.37,5749.34,5673.74,14007834100,1.26E+11
2019/4/15,5795.5,5655.98,5815.39,5654.34,15775413600,1.48E+11
2019/4/16,5625.12,5777.01,5777.01,5583.61,15602963200,1.47E+11
2019/4/17,5776.64,5807.73,5840.62,5758,16980015500,1.59E+11
2019/4/18,5804.3,5775.17,5826.67,5762.57,15132250500,1.41E+11
2019/4/19,5762.5,5810.18,5810.18,5710.8,14872428900,1.34E+11
2019/4/22,5821.02,5723.04,5824.52,5704.98,15816102600,1.43E+11
2019/4/23,5710.73,5628.06,5710.73,5610.74,14987146100,1.34E+11
2019/4/24,5636.4,5679.73,5682.48,5568.41,13478441200,1.22E+11
2019/4/25,5652.01,5458.42,5662.79,5457.83,15140171800,1.32E+11
2019/4/26,5427.62,5408.03,5496.04,5407.19,12427988000,1.09E+11
2019/4/29,5405.16,5265.6,5421.66,5252.05,13867238700,1.20E+11
2019/4/30,5244.04,5307.56,5349.94,5244.04,10219034000,90849649254
2019/5/6,5122.47,4908.8,5125.16,4874.64,14338623300,1.17E+11
2019/5/7,4933.04,4973.4,4990.19,4886.06,11657368700,97660954760
2019/5/8,4865.79,4947.74,5028.53,4842.56,10773812100,88503433406
2019/5/9,4897.98,4888.41,4955.78,4879.69,9093465600,75438861419
2019/5/10,4940.48,5064.32,5064.32,4842.61,12217748300,1.04E+11
2019/5/13,5009.47,5005.9,5040.5,4985.19,9173639400,81269399675
2019/5/14,4942.39,4965.61,5018.41,4941.93,8754096900,78269150192
2019/5/15,5002.61,5076.56,5086.73,4999.34,9746386000,88150026771
2019/5/16,5071.11,5108.36,5118.44,5059.21,10442216600,91206178691
2019/5/17,5112.24,4942.58,5116.99,4923.67,11907121300,1.04E+11
2019/5/20,4937.18,4923.56,4947.75,4835.81,9568649700,84271517275
2019/5/21,4917.34,5009.87,5026.28,4904.82,10083707300,91301255168
2019/5/22,5002.16,4976.39,5018.11,4941.01,9409270900,86507936443
2019/5/23,4955.25,4872.92,4957.99,4860.19,9056368100,82582767292
2019/5/24,4848.58,4841.76,4892.46,4831.34,7793343600,69305381771
2019/5/27,4848.64,4962.95,4974.27,4824.14,9307641400,81678357211
2019/5/28,4965.59,4955.49,5002.25,4933.9,9026398900,83641973469
2019/5/29,4943.57,4956.86,4992.99,4930.43,8587685200,78641296291
2019/5/30,4933.5,4926.4,4933.85,4865.78,9477960200,80822550059
2019/5/31,4923.92,4912,4969.05,4902.74,8671672900,75731116074
2019/6/3,4921.71,4853.82,4942.07,4838.35,9854083000,83580691984
2019/6/4,4847.66,4795.41,4853.81,4768.04,8675165300,77250794625
2019/6/5,4837.9,4783.82,4850.8,4777.98,8130016500,72772853683
2019/6/6,4776.49,4678.78,4776.69,4668.54,8341693100,70429637482
2019/6/10,4693.76,4725.26,4750.54,4662.78,7336138100,63265364509
2019/6/11,4730.81,4901.47,4903.87,4728.48,11681144600,99669915566
2019/6/12,4889.36,4863.49,4917.09,4852.98,10784756100,94685225285
2019/6/13,4855.54,4877.65,4892.58,4831.52,9617253800,79697102665
2019/6/14,4880.23,4795.53,4893.93,4786.19,10280389400,83140662638
2019/6/17,4796.12,4802.82,4826.6,4779.64,7336113800,64090002526
2019/6/18,4804.3,4797.15,4825.63,4773.55,6652389700,56694905767
2019/6/19,4902.96,4858.92,4931.11,4856.9,9827437600,88246816061
2019/6/20,4853.21,4954.73,4987.6,4837.18,11969596100,1.03E+11
2019/6/21,4973.59,5021.31,5045.71,4973.59,12281421400,1.07E+11
2019/6/24,5032.37,5024.2,5038.48,4996.17,9962015700,86442218789
2019/6/25,5020.2,4974.99,5020.2,4910.2,9920218000,85713850537
2019/6/26,4943.78,4962.59,4991.13,4928.73,7003568700,64206718431
2019/6/27,4974.99,5007.48,5030.37,4972.67,8163126600,77117707879
2019/6/28,5005.19,4950.48,5005.19,4920.43,7716462800,70271421892
2019/7/1,5044.66,5100.26,5100.26,5016.24,11163021400,1.08E+11
2019/7/2,5092.84,5084.41,5102.41,5066.25,9708063700,91618108605
2019/7/3,5074.71,5040.72,5074.71,5021.9,8535858900,79210212964
2019/7/4,5046.88,5025.02,5068,5002.33,8014718900,72016475806
2019/7/5,5026.33,5042.66,5055.01,5001.52,6490414100,60552010317
2019/7/8,5028.63,4870.78,5028.63,4855.21,9176607700,81431278978
2019/7/9,4868.48,4881.62,4892.56,4838.94,6101251200,56755420859
2019/7/10,4891.91,4843.86,4896.04,4829.28,6079519200,55261260669
2019/7/11,4867.68,4844.55,4905.16,4821.55,6262848400,56483156357
2019/7/12,4848.22,4861.57,4874.32,4820.66,6147939800,54064544425
2019/7/15,4850.89,4925.32,4951.62,4787.91,8459448100,75865112765
2019/7/16,4917.79,4932.05,4940.23,4909.66,6892496200,60958972155
2019/7/17,4930.65,4929.09,4953.41,4914.49,7536108800,65860765216
2019/7/18,4909.72,4844.11,4909.72,4843.51,7263615800,59848894329
2019/7/19,4861.21,4878.69,4920.41,4861.2,6859729800,57390762231
2019/7/22,4885.43,4776.57,4886.4,4766.07,7219157800,61198813615
2019/7/23,4778.05,4823.92,4823.92,4778.05,5472926300,48300963630
2019/7/24,4837.77,4873.03,4898.81,4837.77,6945138300,63586100131
2019/7/25,4873.17,4891.64,4899.72,4861.77,6738441800,65540811956
2019/7/26,4880.72,4898.11,4902.09,4868.2,5925277700,57190685291
2019/7/29,4897.65,4897.02,4914.48,4872.55,5658152100,54815760177
2019/7/30,4902.84,4922.92,4961.02,4902.78,7119412700,65553974536
2019/7/31,4914.04,4903.2,4921.72,4892.56,6275454700,58776188915
2019/8/1,4877.56,4870.47,4900.09,4850.53,6433250400,61801931692
2019/8/2,4773.43,4809.92,4816.81,4756.4,7900236100,73848047875
2019/8/5,4795.91,4751.98,4838.76,4749.94,7161254200,69025913447
2019/8/6,4665.84,4650.56,4684.52,4558.06,9866786600,84239326256
2019/8/7,4678.43,4626.36,4686.73,4624.74,6741740600,62344725908
2019/8/8,4641.87,4656.1,4663.03,4636.24,6007779600,56743200907
2019/8/9,4677.25,4600.35,4690.65,4593.22,6444333700,64477323102
2019/8/12,4608.12,4685.05,4685.05,4591.66,6194650700,62148044563
2019/8/13,4649.35,4658.39,4667.72,4638.03,5869131700,57730564572
2019/8/14,4713.5,4683.84,4731.86,4677.13,7114878700,69438518109
2019/8/15,4585.09,4706.55,4709.36,4576.46,7826161100,72618382799
2019/8/16,4702.14,4722.66,4755.95,4696.92,7754245800,76502437623
2019/8/19,4765.06,4875.04,4875.04,4765.06,10658092600,1.05E+11
2019/8/20,4878.67,4872.61,4912.99,4864.82,10020229300,94825269893
2019/8/21,4865.72,4882.72,4896.29,4859.33,8494079000,83121773981
2019/8/22,4894.36,4887.91,4896.58,4851.97,8223811000,82031364628
2019/8/23,4888.53,4887.9,4902.78,4861.2,8250252800,81178885785
2019/8/26,4799.48,4855.46,4867.3,4793.84,8845314400,86780252777
2019/8/27,4878.29,4936.12,4976.58,4878.29,10819263700,1.05E+11
2019/8/28,4929.89,4928.19,4948.02,4910.6,9899429300,92168539739
2019/8/29,4937.59,4934.18,4954.96,4912.22,9681799600,94062432252
2019/8/30,4963.28,4886.49,4975.97,4862.58,10245163400,1.08E+11
2019/9/2,4894.05,5008.3,5020.26,4890.23,10829293000,1.09E+11
2019/9/3,5019.4,5044.18,5044.18,4999.89,10909044900,1.15E+11
2019/9/4,5036.52,5093.27,5093.27,5027.67,12249922400,1.23E+11
2019/9/5,5119.57,5138.41,5209,5119.43,15894736900,1.61E+11
2019/9/6,5152.19,5154.64,5167.48,5111.73,11279857600,1.23E+11
2019/9/9,5202.71,5263.46,5263.46,5171.85,13294192700,1.40E+11
2019/9/10,5264.33,5245.31,5264.33,5212.53,13111154700,1.38E+11
2019/9/11,5262.49,5217.29,5273.97,5206.97,11560394100,1.19E+11
2019/9/12,5230.29,5242.61,5255.79,5197.57,9604422600,99874269568
2019/9/16,5263.3,5250.34,5279.59,5228.29,11413633900,1.17E+11
2019/9/17,5237.56,5140.45,5237.56,5118.21,11477143500,1.14E+11
2019/9/18,5148.06,5141.04,5163.81,5119.61,8955599900,92044125713
2019/9/19,5150.5,5191.67,5191.67,5126.15,8812931100,92724183286
2019/9/20,5198.73,5204.48,5220.24,5180.08,9418643800,1.04E+11
2019/9/23,5192.88,5171.48,5192.88,5124.8,9465768000,1.04E+11
2019/9/24,5168.12,5180.74,5237.41,5159.33,9452799600,1.09E+11
2019/9/25,5162.15,5087.01,5162.15,5087.01,9220292000,1.04E+11
2019/9/26,5099.52,4970.24,5108.8,4970.24,9467075200,1.01E+11
2019/9/27,4974.03,5005.63,5033.19,4974.03,7432983300,77773539941
2019/9/30,5009.14,4940.9,5022.43,4940.9,6578513000,66977336937
2019/10/8,4955.08,4941.76,4994.44,4937.03,6644342500,69528043025
2019/10/9,4926.21,4982.95,4985.44,4904.32,6650575900,67224088878
2019/10/10,4988.14,5046.36,5049.22,4979.19,7381815400,75962306589
2019/10/11,5057.81,5055.52,5074.9,5012.38,8278601600,82692670948
2019/10/14,5095.22,5131.13,5151.69,5089.31,10368887800,1.01E+11
2019/10/15,5115.25,5061,5115.25,5057.28,8832143000,86494758014
2019/10/16,5064.33,5038.36,5086.97,5036.5,7822140800,73744399915
2019/10/17,5039.27,5029.85,5049.36,5017.47,7051450800,65942908152
2019/10/18,5033.82,4961.81,5056.56,4953.15,8203885000,74431254150
2019/10/21,4956.79,4951.04,4957.24,4906.36,6989927100,65366244551
2019/10/22,4954.11,5005.55,5011.01,4954.11,6553498200,63627854014
2019/10/23,5009.36,4967.19,5009.94,4955.06,6903650700,65559048969
2019/10/24,4961.69,4958.25,4972.76,4921.11,6486844300,62074661056
2019/10/25,4953.33,4994.57,5001.51,4922.08,7315877700,72672829239
2019/10/28,5026.06,5084.47,5084.69,5026.06,10290739500,1.01E+11
2019/10/29,5080.93,5007.71,5080.93,5007.71,10870630500,1.05E+11
2019/10/30,4975.67,4947.9,4984.4,4938.1,8576215500,83620058905
2019/10/31,4950.03,4917.42,4967.75,4911.38,7958268700,79650641371
2019/11/1,4908.65,4962.35,4967.05,4896.01,7415565600,72447112677
2019/11/4,4974.36,4987.84,5016.94,4974.36,8127822700,82241598022
2019/11/5,4995.46,5025.3,5041.24,4972.72,8507295100,84235951765
2019/11/6,5022.1,4974.73,5027.79,4955.83,8321627500,82703564204
2019/11/7,4970.53,5007.07,5020.22,4960.84,7209219800,70612908510
2019/11/8,5036.66,4988.29,5051.56,4985.95,7909655600,80301698427
2019/11/11,4961.19,4876.16,4961.19,4868.43,7709640100,71951297700
2019/11/12,4878.97,4881.61,4887.3,4823.43,6878549300,64024939307
2019/11/13,4878.97,4875.54,4888.19,4853.59,6060640800,60162199835
2019/11/14,4875.25,4912.11,4925.44,4871.56,6391011200,68278831817
2019/11/15,4910.21,4868.44,4936.98,4868.44,7007640400,74051052837
2019/11/18,4862.28,4892.46,4901,4851.39,6396537200,63914780873
2019/11/19,4892.34,4975.11,4975.11,4890.76,7236336900,73229636655
2019/11/20,4975.76,4946.28,4991.7,4941.91,7899827700,81388200081
2019/11/21,4929.85,4945.72,4963.09,4919.59,6616751300,63282046849
2019/11/22,4954.31,4904.08,5018.06,4876.81,8802769500,89306629280
2019/11/25,4904.99,4901.5,4915.35,4853.84,8634726500,78620478554
2019/11/26,4906.43,4882.16,4920.68,4882.16,8125973000,74550160675
2019/11/27,4881.4,4904.26,4935.63,4872.3,7264694000,70087736429
2019/11/28,4897.65,4889.26,4916.8,4878.01,5967231400,56925664898
2019/11/29,4888.35,4894.94,4909.41,4850.59,6139562000,58933970585
2019/12/2,4897.63,4905.42,4930.59,4889.32,6315015900,61517277182
2019/12/3,4889.41,4926.45,4926.45,4863.66,6034552500,59970188116
2019/12/4,4902.49,4920.67,4935.57,4901.04,6349645000,65049445240
2019/12/5,4927.78,4967.6,4978.99,4923.11,7407710400,77991494680
2019/12/6,4968.04,5010.51,5010.51,4954.79,7370595700,77615890698
2019/12/9,5020.22,5024.6,5040.24,5005.84,8848641500,92501704119
2019/12/10,5012.47,5049.05,5054.31,4998.15,8293633000,85621362340
2019/12/11,5044.94,5027.28,5052.35,5007.56,8601103800,87198618379
2019/12/12,5025.49,5012,5044.2,5008.37,8005543900,82031906194
2019/12/13,5047.9,5073.69,5082.76,5029.88,9997918400,1.00E+11
2019/12/16,5095.35,5166.04,5166.04,5081.91,11652253300,1.18E+11
2019/12/17,5167.23,5236.06,5257.83,5161.15,15021914200,1.43E+11
2019/12/18,5235.48,5235.12,5267.41,5221.7,12926439800,1.26E+11
2019/12/19,5236.92,5241.74,5255.17,5215.88,11366629400,1.11E+11
2019/12/20,5244.21,5184.68,5258.01,5182.06,11799847200,1.07E+11
2019/12/23,5161.28,5084.35,5188.85,5079.44,10565253000,98214944068
2019/12/24,5098.81,5162.07,5165.16,5092.91,8545191600,80244021673
2019/12/25,5157.37,5183.1,5195.87,5153.51,9591867600,97321480183
2019/12/26,5181.38,5219.14,5219.14,5171.44,9562553300,89169212218
2019/12/27,5223.47,5179.19,5252.79,5175.85,12625962800,1.16E+11
2019/12/30,5160.31,5241.94,5242.12,5119.86,11686945600,1.07E+11
2019/12/31,5239.91,5267.66,5269.87,5228.17,10388965800,95356584997
2020/1/2,5306.67,5366.14,5374.91,5288.17,14589440500,1.37E+11
2020/1/3,5376.03,5380.64,5395.26,5351.8,12845202100,1.22E+11
2020/1/6,5365.22,5434.85,5481.55,5355.02,15958741400,1.58E+11
2020/1/7,5441.9,5499.84,5499.84,5440.69,14414272200,1.42E+11
2020/1/8,5481.98,5423.8,5500.16,5409.57,15540684700,1.50E+11
2020/1/9,5465.86,5497.54,5497.54,5457.35,13243166700,1.36E+11
2020/1/10,5511.67,5480.23,5516.09,5455.25,11381982100,1.18E+11
2020/1/13,5478.32,5559.63,5559.63,5447.73,11807618100,1.29E+11
2020/1/14,5576.63,5542.33,5583.72,5539.9,12981138300,1.35E+11
2020/1/15,5532.96,5530.03,5545.1,5492.65,11242502000,1.18E+11
2020/1/16,5539.42,5527.67,5559.02,5514.69,11189727600,1.22E+11
2020/1/17,5539.72,5510.05,5555.41,5499.47,10494932900,1.10E+11
2020/1/20,5523.01,5587.54,5587.54,5500.59,11540300100,1.28E+11
2020/1/21,5581.01,5523.94,5581.98,5515.19,12460480800,1.35E+11
2020/1/22,5502.59,5575.51,5597.99,5440.2,12347477000,1.38E+11
2020/1/23,5521.79,5377.74,5558.43,5326.93,14577307100,1.62E+11
2020/2/3,4896.89,4910.9,4960.75,4896.89,8177708400,89455038460
2020/2/4,4736.12,4996.47,5013.77,4736.12,18967227900,1.75E+11
2020/2/5,5035.41,5123.96,5178.44,5026.41,17109533900,1.77E+11
2020/2/6,5128.19,5282.89,5299.18,5100.48,18595745600,1.97E+11
2020/2/7,5287.27,5327.04,5329.36,5226.7,19114764200,2.03E+11
2020/2/10,5322.01,5388.43,5389.04,5301.41,17670328200,1.87E+11
2020/2/11,5390.53,5361.28,5396.96,5323.76,15250817700,1.57E+11
2020/2/12,5345.52,5459.95,5461.67,5340.49,15104147300,1.65E+11
2020/2/13,5456.66,5412.84,5482.8,5397.23,15820264200,1.76E+11
2020/2/14,5407.47,5420.8,5474.47,5375.93,14534649600,1.63E+11
2020/2/17,5454.46,5594.44,5594.44,5454.46,17463665700,1.84E+11
2020/2/18,5607.84,5660.81,5660.81,5577.9,18509870100,2.06E+11
2020/2/19,5654.18,5603.26,5678.82,5601.39,18564208500,2.11E+11
2020/2/20,5619.52,5706.71,5712.18,5580.07,19207602600,2.06E+11
2020/2/21,5704.84,5784.03,5822.4,5700.95,20723623900,2.30E+11
2020/2/24,5784.58,5865.47,5884.14,5754.68,21809896200,2.50E+11
2020/2/25,5745.62,5897.72,5912.27,5643.88,26736667800,3.02E+11
2020/2/26,5824.05,5743.39,5885.27,5724.5,26637508000,2.81E+11
2020/2/27,5770.22,5753.73,5829.04,5689.54,20469487500,2.22E+11
2020/2/28,5558.42,5451.29,5641.77,5438.85,22430670900,2.33E+11
2020/3/2,5516.44,5656.42,5683.24,5505.27,19951161200,2.14E+11
2020/3/3,5756.79,5710.02,5832.35,5658.12,22632549400,2.44E+11
2020/3/4,5670.5,5716.51,5719.18,5603.93,18513309800,1.95E+11
2020/3/5,5795.25,5801.12,5811.21,5732.17,21723222100,2.17E+11
2020/3/6,5737.1,5763.86,5802.63,5723.73,18529714700,1.77E+11
2020/3/9,5668.64,5525.82,5699.92,5525.82,21853808900,2.12E+11
2020/3/10,5459.17,5675.11,5675.88,5423.43,20840287700,2.10E+11
2020/3/11,5692.72,5589.53,5708.92,5589.53,18775091200,1.90E+11
2020/3/12,5507.32,5493.88,5549.35,5446.79,15875315700,1.54E+11
2020/3/13,5225.51,5457.2,5507.39,5224.73,19526665900,1.88E+11
2020/3/16,5496.89,5200.11,5496.89,5183.34,18684995200,1.85E+11
2020/3/17,5245.52,5212.06,5300.56,5052.65,15913787800,1.53E+11
2020/3/18,5257.94,5119.47,5333.12,5119.47,16428660400,1.61E+11
2020/3/19,5119.94,5157.82,5185.09,5020.44,15459370200,1.49E+11
2020/3/20,5217.49,5219.28,5225.03,5129.07,12751328900,1.32E+11
2020/3/23,5079.35,4998.91,5129.14,4981.67,13868474500,1.34E+11
2020/3/24,5089.15,5096.04,5118.04,4963.29,14078770500,1.37E+11
2020/3/25,5200.78,5217.42,5229.22,5160.39,14688107000,1.42E+11
2020/3/26,5180.47,5166.11,5227.47,5157.15,12565245000,1.27E+11
2020/3/27,5222.85,5137.34,5227.79,5134.49,11704507300,1.18E+11
2020/3/30,5073.7,5027.49,5074.63,4974.32,12398131600,1.25E+11
2020/3/31,5073.52,5041.45,5090.57,5030.57,11160561200,1.07E+11
2020/4/1,5029.58,5019.22,5108.18,5007.71,11215411100,1.11E+11
2020/4/2,4998.63,5147.2,5147.2,4998.11,11335107800,1.18E+11
2020/4/3,5143.52,5107.04,5161.57,5085.09,10947897800,1.13E+11
2020/4/7,5202.55,5267.07,5273.09,5197.58,14510945200,1.47E+11
2020/4/8,5243.16,5271.8,5291.41,5232.62,13778625400,1.37E+11
2020/4/9,5301.27,5322.46,5336.12,5289.38,12509846200,1.28E+11
2020/4/10,5321.79,5208.51,5321.79,5197.98,12381638800,1.26E+11
2020/4/13,5176.44,5169.18,5198.37,5140.85,9818099300,1.01E+11
2020/4/14,5197.17,5288.59,5288.59,5189.82,11018824400,1.19E+11
2020/4/15,5291.97,5268.75,5320.58,5264.01,12247740000,1.28E+11
2020/4/16,5245.92,5316.97,5328.12,5238.43,12074219300,1.22E+11
2020/4/17,5354.98,5318.45,5377.15,5309.58,13696983300,1.57E+11
2020/4/20,5329.87,5381.79,5381.79,5311.2,12064218200,1.31E+11
2020/4/21,5358.6,5343.88,5358.6,5287.66,13074442600,1.40E+11
2020/4/22,5304.73,5387.62,5388.21,5296.26,12359700600,1.28E+11
2020/4/23,5402.65,5357.79,5407.49,5354.94,14461830200,1.45E+11
2020/4/24,5350.54,5273.55,5354.76,5258.57,13138336700,1.27E+11
2020/4/27,5278.98,5265.72,5314.41,5249.31,11713242700,1.11E+11
2020/4/28,5268.13,5227.85,5273.26,5102.06,14082491000,1.34E+11
2020/4/29,5203.71,5226.81,5269.74,5201.47,10592684900,1.03E+11
2020/4/30,5261.05,5353.86,5368.89,5261.05,13303668600,1.43E+11
2020/5/6,5320.94,5451.32,5451.46,5318.44,14167905000,1.60E+11
2020/5/7,5454.25,5445.75,5473.77,5425.8,14014635400,1.48E+11
2020/5/8,5474.87,5507.7,5527.09,5467.65,13631862200,1.46E+11
2020/5/11,5529.11,5496.19,5547.94,5466.62,12985198500,1.42E+11
2020/5/12,5494.07,5512.46,5519.29,5441.7,11594367700,1.28E+11
2020/5/13,5495.9,5536.28,5546.55,5483.99,10789582200,1.20E+11
2020/5/14,5513.08,5487.11,5528.09,5485.02,11919770100,1.30E+11
2020/5/15,5510.15,5507.93,5543.93,5486.26,11265151100,1.32E+11
2020/5/18,5522.72,5478.82,5528.78,5454.96,13365466400,1.58E+11
2020/5/19,5515.03,5547.88,5548.22,5504.23,11200886000,1.33E+11
2020/5/20,5545.04,5489.7,5547.17,5473.79,12349126400,1.41E+11
2020/5/21,5508.2,5426.17,5511.23,5415.6,11455910800,1.29E+11
2020/5/22,5421.73,5328.23,5421.89,5307.3,10641571100,1.16E+11
2020/5/25,5323.97,5316.6,5344.28,5293.23,8438568100,91375351530
2020/5/26,5341.11,5420.21,5421.9,5341.08,9096900800,99351009049
2020/5/27,5426.56,5369.5,5426.56,5358.47,10396037100,1.13E+11
2020/5/28,5367.27,5361.17,5390.14,5290.29,10252425100,1.08E+11
2020/5/29,5349.57,5406.34,5416.66,5336.07,10500325000,1.10E+11
2020/6/1,5446.29,5569.48,5576.65,5446.29,14169758200,1.48E+11
2020/6/2,5595.36,5566.44,5596.44,5544.19,13902910300,1.49E+11
2020/6/3,5583.7,5572.31,5618.29,5567.07,13834551900,1.46E+11
2020/6/4,5589.34,5576.75,5597.26,5549.36,12077846500,1.24E+11
2020/6/5,5585.16,5585.42,5592.35,5542.87,11225389700,1.15E+11
2020/6/8,5618.38,5575.3,5627.19,5567.21,11944619000,1.28E+11
2020/6/9,5582.14,5610.38,5616.04,5560.14,11487092900,1.19E+11
2020/6/10,5611.66,5615.24,5616.61,5581.92,10836809700,1.14E+11
2020/6/11,5618.64,5589.1,5673.31,5567.54,12751545400,1.45E+11
2020/6/12,5483.78,5591.49,5620.21,5479.27,12954546500,1.42E+11
2020/6/15,5605.88,5590.64,5661.97,5590.64,14535977600,1.53E+11
2020/6/16,5633.26,5695.3,5695.3,5624.85,13395170300,1.42E+11
2020/6/17,5708.69,5735.42,5735.42,5685.62,14683751800,1.54E+11
2020/6/18,5738.03,5734.4,5744.45,5705.3,15815436600,1.61E+11
2020/6/19,5733.43,5787.15,5796.36,5727.62,14176809800,1.48E+11
2020/6/22,5793.79,5784.03,5815.39,5770.81,14539234900,1.57E+11
2020/6/23,5783.12,5804.34,5809.28,5755.4,12574812700,1.40E+11
2020/6/24,5808.54,5789.09,5824.31,5773.29,11024143600,1.29E+11
2020/6/29,5774.46,5762.44,5789.16,5740.26,11776115100,1.32E+11
2020/6/30,5790.06,5864.42,5875.33,5788.21,11535032400,1.40E+11
2020/7/1,5884.54,5881.89,5885.87,5814.76,14283298200,1.61E+11
2020/7/2,5880.88,5975.28,5979.99,5858.57,20118138000,2.00E+11
2020/7/3,5990,6051.51,6052.52,5968.07,22682681800,2.17E+11
2020/7/6,6095.96,6299.86,6318.31,6095.96,30237648900,2.92E+11
2020/7/7,6368.31,6380.03,6480.03,6300.24,32586542500,3.29E+11
2020/7/8,6378.95,6535.42,6541.44,6352.37,28884738900,2.92E+11
2020/7/9,6541.29,6693.75,6712.14,6530.02,31741227100,3.35E+11
2020/7/10,6664.33,6676.44,6763.81,6644.36,28873667200,3.23E+11
2020/7/13,6710.64,6899.52,6899.62,6710.64,29730559500,3.35E+11
2020/7/14,6897,6807.73,6897,6672.8,29386829700,3.42E+11
2020/7/15,6815.62,6638.84,6838.15,6598.52,25647283000,3.01E+11
2020/7/16,6642.33,6320,6711,6305.13,25331587000,2.77E+11
2020/7/17,6327.03,6344.59,6447.51,6272.94,19680390900,2.15E+11
2020/7/20,6419.08,6526.83,6526.83,6340.65,21241322200,2.26E+11
2020/7/21,6546.57,6563.32,6591.01,6500.87,19396594900,2.15E+11
2020/7/22,6554.17,6620.69,6699.69,6534.74,21010119800,2.33E+11
2020/7/23,6562.05,6620.09,6629.21,6431.26,20799246200,2.41E+11
2020/7/24,6584.81,6283.98,6609.29,6265.38,21901777700,2.47E+11
2020/7/27,6304.59,6298.74,6337.33,6229.47,14554248100,1.68E+11
2020/7/28,6345.68,6359.66,6385.39,6307.79,13883814400,1.62E+11
2020/7/29,6341.01,6530.27,6530.27,6324.05,15922168400,1.87E+11
2020/7/30,6548.7,6511.44,6564.78,6491.45,17761556100,2.09E+11
2020/7/31,6499.39,6579.67,6619.26,6463.42,17991294100,2.08E+11
2020/8/3,6635.34,6739.81,6739.81,6614.43,20726674600,2.41E+11
2020/8/4,6758.49,6697.71,6764.9,6672.89,20947893600,2.45E+11
2020/8/5,6696.69,6772.84,6790.01,6653.28,18484381600,2.18E+11
2020/8/6,6780.33,6770.3,6792.28,6656.28,20522984200,2.41E+11
2020/8/7,6743.29,6688.88,6755.53,6578.67,19812821400,2.28E+11
2020/8/10,6666.56,6725.3,6768.87,6651.74,17535322700,2.10E+11
2020/8/11,6727.77,6600.85,6756.85,6594.98,18084577100,2.03E+11
2020/8/12,6580.01,6528.4,6599.66,6395.01,17788904500,1.98E+11
2020/8/13,6552.37,6552.66,6592.12,6518.42,16206051500,1.67E+11
2020/8/14,6542.6,6623.56,6629.51,6506.03,15687598800,1.61E+11
2020/8/17,6646.54,6744.55,6752.32,6614.18,20140735700,2.08E+11
2020/8/18,6747.61,6789.4,6811.56,6737.53,18916617500,2.09E+11
2020/8/19,6782.59,6666.27,6782.59,6661.99,19430913600,2.05E+11
2020/8/20,6622.01,6593.79,6672.49,6570.69,15764625800,1.63E+11
2020/8/21,6628.9,6643.94,6686.02,6589.2,14296349300,1.53E+11
2020/8/24,6667.3,6688.96,6702.75,6589.93,14302035400,1.58E+11
2020/8/25,6698.12,6652.55,6734.44,6631.69,14709813000,1.58E+11
2020/8/26,6650.45,6525.88,6660.76,6501.24,15373477100,1.71E+11
2020/8/27,6538.14,6578.79,6585.72,6486.75,12983619800,1.42E+11
2020/8/28,6571.9,6691.21,6695.36,6553.92,14194959300,1.56E+11
2020/8/31,6719.29,6668.43,6765.89,6667.68,15602438500,1.73E+11
2020/9/1,6667.17,6710.46,6710.46,6637.63,12563249000,1.40E+11
2020/9/2,6725.69,6717.56,6742.55,6647.03,14956254800,1.61E+11
2020/9/3,6715.1,6662.25,6732.67,6638.45,14211033500,1.52E+11
2020/9/4,6545.89,6618.58,6631.03,6538.49,12535846200,1.32E+11
2020/9/7,6619.9,6478.81,6669.39,6459.1,15558174800,1.67E+11
2020/9/8,6493.77,6525.1,6543,6432.95,16123031800,1.48E+11
2020/9/9,6455.31,6349.22,6471.48,6319.27,21691635100,1.77E+11
2020/9/10,6404.66,6235.57,6414.96,6219.64,18104949700,1.49E+11
2020/9/11,6209.79,6311.97,6319.67,6209.79,12462919400,1.16E+11
2020/9/14,6350.36,6351.24,6381.18,6297.9,13050227700,1.29E+11
2020/9/15,6351.04,6387.88,6388.13,6328.54,11518415400,1.17E+11
2020/9/16,6379.52,6353.84,6387.77,6321.57,11337988700,1.13E+11
2020/9/17,6345.67,6367.02,6416.01,6291.63,11895968100,1.24E+11
2020/9/18,6367.79,6469.47,6473.6,6353.56,13522626400,1.37E+11
2020/9/21,6492.22,6445.96,6515.34,6434.32,12602372100,1.34E+11
2020/9/22,6392.03,6358.65,6462.98,6341.48,12130589400,1.23E+11
2020/9/23,6382.28,6392.03,6411.2,6356.16,9504883300,1.06E+11
2020/9/24,6353.69,6244.64,6354.68,6243.28,11280146700,1.13E+11
2020/9/25,6271.7,6236.89,6285.47,6206.18,8779878800,92989168390
2020/9/28,6255.02,6178.47,6261.93,6171.02,7896291500,87526269793
2020/9/29,6206.99,6228.77,6280.44,6179.88,8137116400,91783259882
2020/9/30,6245.12,6192.5,6260.12,6155.02,8148409300,89615460415
2020/10/9,6300.07,6357.97,6373.94,6290.47,10038623100,1.15E+11
2020/10/12,6408.08,6541.18,6541.31,6399.68,14482434900,1.61E+11
2020/10/13,6538.84,6551.4,6557.86,6486.31,11155845000,1.30E+11
2020/10/14,6547.84,6508.37,6547.84,6492.66,11862960400,1.34E+11
2020/10/15,6511.07,6460.04,6518.55,6456.77,10700425200,1.16E+11
2020/10/16,6456.74,6428.68,6473.63,6388.65,9873202200,1.09E+11
2020/10/19,6466.57,6358.32,6483.51,6346.26,10366836300,1.15E+11
2020/10/20,6349.64,6423.11,6423.16,6324.39,8618922400,95327322736
2020/10/21,6426.19,6350.01,6426.51,6323.44,8751225500,1.02E+11
2020/10/22,6331.8,6317.14,6334.54,6256.23,8572472900,96745752081
2020/10/23,6312.01,6213.26,6362.43,6202.53,8056509000,93954361163
2020/10/26,6195.35,6214.38,6239.72,6127.38,7339295600,85255066151
2020/10/27,6187.47,6221.34,6227.84,6168.97,7558651600,89315873363
2020/10/28,6221.74,6246,6254.72,6164.24,8713088800,1.04E+11
2020/10/29,6168.91,6255.19,6287.65,6159.14,9258748300,1.10E+11
2020/10/30,6272.93,6111.48,6274.62,6103.89,11212236000,1.26E+11
2020/11/2,6119.45,6143.12,6162.28,6095.8,11175637900,1.24E+11
2020/11/3,6175.16,6241.77,6245.56,6155.73,10544003600,1.16E+11
2020/11/4,6246.64,6234.16,6256.07,6181.1,9292974500,1.08E+11
2020/11/5,6294.61,6351.98,6358.44,6273.31,11884321500,1.33E+11
2020/11/6,6366.19,6301.25,6366.19,6254.09,11824421100,1.32E+11
2020/11/9,6337.44,6421.65,6452.91,6337.44,16002788200,1.75E+11
2020/11/10,6434.43,6373.09,6435.41,6339.29,14192893200,1.56E+11
2020/11/11,6356.37,6294.61,6375.24,6292.84,13072808100,1.34E+11
2020/11/12,6305.07,6315.49,6341,6285.29,10468068700,1.13E+11
2020/11/13,6304.46,6306.97,6319.41,6248.36,10711632200,1.13E+11
2020/11/16,6319.7,6387.37,6387.42,6294.29,13367733000,1.32E+11
2020/11/17,6380.77,6336.94,6380.77,6300.57,14127431800,1.39E+11
2020/11/18,6333.45,6341.01,6382.5,6314.31,13398246200,1.30E+11
2020/11/19,6328.08,6360.6,6370.18,6293.56,12380484500,1.21E+11
2020/11/20,6354.79,6422.99,6429.87,6351.31,13066764500,1.28E+11
2020/11/23,6435.92,6472.93,6516.24,6407.06,18192566800,1.70E+11
2020/11/24,6472.75,6475.19,6495.14,6454.67,15406296500,1.49E+11
2020/11/25,6489.26,6350.37,6489.72,6350.37,15381310600,1.57E+11
2020/11/26,6349.86,6334.3,6358.17,6284.97,12323693600,1.26E+11
2020/11/27,6337.38,6351.61,6351.81,6276.07,12088511600,1.17E+11
2020/11/30,6360.46,6320.94,6397.72,6309.44,16315768200,1.58E+11
2020/12/1,6307.85,6426.62,6437.94,6299.41,15095734000,1.53E+11
2020/12/2,6437.96,6434.98,6446.81,6392.99,14970510500,1.50E+11
2020/12/3,6437.38,6440.88,6461.09,6392.9,15221493300,1.53E+11
2020/12/4,6426.03,6464.73,6471.86,6409.68,12885516900,1.35E+11
2020/12/7,6465.99,6424.68,6472.85,6417.65,12107828200,1.31E+11
2020/12/8,6424.16,6423.65,6448.39,6406.72,10549499200,1.18E+11
2020/12/9,6430.48,6307.22,6437.43,6307.22,12151621300,1.33E+11
2020/12/10,6295.35,6320.1,6350.92,6267.17,11057714200,1.22E+11
2020/12/11,6328.83,6209.43,6340.39,6163.41,13264160600,1.43E+11
2020/12/14,6207.83,6259.02,6260.61,6176.54,10687714900,1.24E+11
2020/12/15,6250.1,6265.58,6276.58,6228.68,9798099400,1.20E+11
2020/12/16,6268.21,6235.44,6271.03,6219.09,9928395000,1.14E+11
2020/12/17,6225.08,6308.9,6312.01,6184.54,12770274400,1.40E+11
2020/12/18,6310.16,6291.92,6332.53,6269.21,12862228800,1.38E+11
2020/12/21,6302.26,6398.6,6401.55,6293.92,13634782200,1.57E+11
2020/12/22,6372.88,6250.06,6378.5,6241.56,15131061800,1.72E+11
2020/12/23,6255.35,6307.6,6330.6,6242.62,14404432300,1.66E+11
2020/12/24,6308.48,6205.22,6308.48,6202.4,13122165300,1.48E+11
2020/12/25,6190.99,6278.5,6284.59,6186.03,13447826700,1.44E+11
2020/12/28,6283.78,6244.48,6288.24,6219.09,14896021400,1.60E+11
2020/12/29,6240.74,6199.85,6280.04,6196.41,15447603200,1.56E+11
2020/12/30,6196.45,6269.25,6289.27,6188.59,13804167300,1.48E+11
2020/12/31,6282.96,6367.11,6370.57,6281.01,16019408600,1.74E+11
2021/1/4,6395.61,6482.79,6501.59,6359.08,18662120900,2.11E+11
2021/1/5,6470.25,6539.73,6539.73,6452.52,19672629200,2.27E+11
2021/1/6,6549.73,6528.14,6569.2,6472.74,17852108600,2.09E+11
2021/1/7,6523.68,6538.12,6567.27,6467.44,19713564100,2.19E+11
2021/1/8,6541.56,6557.6,6598.38,6484.4,18083742900,2.07E+11
2021/1/11,6557.45,6455.4,6572.85,6419.73,18325727100,2.18E+11
2021/1/12,6425.81,6543.23,6543.23,6425.81,16231123700,1.99E+11
2021/1/13,6550.03,6496.91,6553.65,6457.88,18491342000,2.23E+11
2021/1/14,6471.79,6439.89,6516.27,6402.6,16302381600,1.99E+11
2021/1/15,6427.13,6417.5,6447.88,6339.43,13824319900,1.67E+11
2021/1/18,6414.83,6514.46,6529.41,6392.07,13683280700,1.70E+11
2021/1/19,6510.48,6476.37,6532.65,6456.12,14761671600,1.75E+11
2021/1/20,6477.67,6535.42,6535.48,6449.28,12852543200,1.53E+11
2021/1/21,6552.03,6622.5,6649.86,6550.88,15680958700,1.89E+11
2021/1/22,6619.86,6637.81,6643.67,6573.82,15806231000,2.03E+11
2021/1/25,6636.22,6645.31,6711.57,6599.97,16562310300,2.24E+11
2021/1/26,6621.15,6532.96,6624.45,6515.26,14337131100,1.92E+11
2021/1/27,6527.68,6557.16,6564.29,6481.16,13976004900,1.75E+11
2021/1/28,6475.86,6414.38,6529.84,6405.81,14482540600,1.75E+11
2021/1/29,6448.67,6346.14,6462.37,6255.7,14604158100,1.72E+11
2021/2/1,6338.64,6393.28,6397.01,6328.34,13732518300,1.58E+11
2021/2/2,6404.85,6454.79,6459.48,6361.09,13239431300,1.62E+11
2021/2/3,6459.66,6399.33,6484.49,6399.33,14545715500,1.76E+11
2021/2/4,6375.67,6328.79,6414.3,6249.53,14886133000,1.74E+11
2021/2/5,6343.83,6239.87,6382.96,6236.27,13513287900,1.63E+11
2021/2/8,6247.92,6323.16,6354.02,6215.73,11613400400,1.42E+11
2021/2/9,6334.42,6457.88,6468.43,6330.79,11931911000,1.47E+11
2021/2/10,6474.75,6525.17,6542.75,6424.72,11904265900,1.50E+11
2021/2/18,6657.31,6614.54,6678.61,6564.31,16689239200,1.95E+11
2021/2/19,6600.25,6703.48,6706.39,6542.78,17876781700,2.01E+11
2021/2/22,6731.51,6657.06,6810.92,6657.06,23706558500,2.60E+11
2021/2/23,6613.6,6631.23,6701.43,6609.08,19265686600,2.06E+11
2021/2/24,6633.28,6536.19,6661.43,6477.75,17371883200,1.97E+11
2021/2/25,6600.21,6499.15,6609.56,6484.55,16206818200,1.71E+11
2021/2/26,6365.74,6364.35,6446.95,6346.13,15076020600,1.64E+11
2021/3/1,6407.16,6488.44,6491.94,6404.89,15860843700,1.66E+11
2021/3/2,6514.02,6433.33,6514.02,6386.49,16587706900,1.74E+11
2021/3/3,6426.04,6524.75,6528.22,6420.21,17101752400,1.70E+11
2021/3/4,6482.79,6401.99,6485.16,6371.73,19433461600,1.93E+11
2021/3/5,6325.75,6403.5,6442.02,6319.53,16650488500,1.64E+11
2021/3/8,6453.78,6256.41,6488.82,6253.7,16854633900,1.77E+11
2021/3/9,6235.31,6108,6250.94,6033.41,19643268600,1.82E+11
2021/3/10,6164.77,6062.26,6179.85,6053.02,14255427900,1.36E+11
2021/3/11,6074.33,6213.83,6213.93,6045.55,16081464300,1.49E+11
2021/3/12,6231.48,6222.38,6232.5,6137.99,17574617800,1.60E+11
2021/3/15,6192.3,6173.87,6229.57,6111.36,17079969100,1.51E+11
2021/3/16,6176.07,6195.24,6222.18,6124.78,15284599200,1.39E+11
2021/3/17,6180.89,6225.36,6230.56,6124.05,13484039600,1.25E+11
2021/3/18,6231.19,6273.86,6300.94,6227.19,14072566500,1.38E+11
2021/3/19,6195.25,6206.6,6258.13,6167.51,14323827500,1.44E+11
2021/3/22,6208.93,6305.69,6307.55,6206.08,14304144500,1.38E+11
2021/3/23,6307.98,6219.17,6307.98,6181.13,15096405200,1.44E+11
2021/3/24,6180.31,6142.54,6232.13,6131.82,14767311100,1.38E+11
2021/3/25,6118.87,6157.41,6190.94,6108.26,12930709300,1.22E+11
2021/3/26,6164.82,6251.79,6264.56,6164.82,12888761000,1.30E+11
2021/3/29,6270,6254.94,6277.76,6215.8,13963389400,1.38E+11
2021/3/30,6239.47,6280.36,6287.87,6217.33,13440958400,1.39E+11
2021/3/31,6277.7,6254.07,6277.7,6205.94,12512849200,1.25E+11
2021/4/1,6259.41,6311.66,6321.58,6238.31,13037481800,1.25E+11
2021/4/2,6316.56,6326.61,6341.65,6291.71,12393887100,1.25E+11
2021/4/6,6345.89,6343.1,6367.78,6323.24,11148915800,1.16E+11
2021/4/7,6350.38,6348.08,6350.38,6289.07,15001677500,1.40E+11
2021/4/8,6332.93,6356.75,6385.2,6309.12,17374127800,1.47E+11
2021/4/9,6345.29,6335.24,6360.45,6307.66,14130690000,1.28E+11
2021/4/12,6325.26,6226.42,6344.16,6203.57,15544143900,1.42E+11
2021/4/13,6210.22,6209.78,6254.9,6193.81,13038770900,1.16E+11
2021/4/14,6206.64,6277.21,6287.84,6206.64,11743821700,1.07E+11
2021/4/15,6263.63,6276.46,6281.43,6211.66,11977617600,1.12E+11
2021/4/16,6283.86,6339.59,6344.95,6276.43,12676465300,1.20E+11
2021/4/19,6331.71,6425.26,6431.78,6315.08,14220093000,1.45E+11
2021/4/20,6419.73,6428.54,6467.38,6410.28,13467452300,1.43E+11
2021/4/21,6396.27,6420.26,6434.63,6369.77,12105173300,1.28E+11
2021/4/22,6444.28,6445.47,6472.8,6424.75,12492387700,1.32E+11
2021/4/23,6445.52,6462.76,6463.97,6412.99,12611730600,1.35E+11
2021/4/26,6480.3,6442.65,6546.64,6437.19,14496413900,1.67E+11
2021/4/27,6434.61,6446.28,6466.25,6399.44,12589471200,1.38E+11
2021/4/28,6433.1,6489.74,6489.74,6410.32,11723494300,1.36E+11
2021/4/29,6495.65,6491.93,6502.43,6453.52,12830543900,1.46E+11
2021/4/30,6470.35,6485.71,6503.15,6434.73,14425423900,1.64E+11
2021/5/6,6503.6,6489.35,6548.07,6440.33,15414198100,1.67E+11
2021/5/7,6505.58,6444.44,6524.18,6439.89,17751874900,1.78E+11
2021/5/10,6461.42,6475.99,6493.5,6437.11,18908013400,1.81E+11
2021/5/11,6436.29,6456.04,6472.87,6349.79,18726361100,1.75E+11
2021/5/12,6434.91,6512.05,6521.49,6419.74,15649093000,1.50E+11
2021/5/13,6448.96,6439.03,6497,6426.58,15965864600,1.56E+11
2021/5/14,6454.68,6525.8,6525.8,6421.21,16624340700,1.64E+11
2021/5/17,6521.89,6578.14,6613.89,6521.89,15936375800,1.72E+11
2021/5/18,6578.97,6599.6,6604.69,6558.78,13250549100,1.42E+11
2021/5/19,6582.1,6584.39,6590.98,6544.84,13518125500,1.46E+11
2021/5/20,6541.09,6548.71,6580.44,6506.41,16232992300,1.67E+11
2021/5/21,6557.49,6527.86,6570.46,6512.81,13435069500,1.46E+11
2021/5/24,6515.83,6544.12,6564.07,6494.62,13722661200,1.51E+11
2021/5/25,6549.34,6619.67,6628.69,6524.3,14469203600,1.58E+11
2021/5/26,6631.37,6628.21,6642.38,6612.42,15623700300,1.70E+11
2021/5/27,6629.24,6685.41,6685.48,6620.72,14516667600,1.65E+11
2021/5/28,6699.28,6668.17,6718.09,6643.64,15731838500,1.77E+11
2021/5/31,6681.55,6728.99,6729.07,6667.26,14692949300,1.77E+11
2021/6/1,6718.64,6739.76,6742.98,6656.66,16109195700,1.85E+11
2021/6/2,6740.5,6681.43,6748.15,6662.75,15736532000,1.74E+11
2021/6/3,6680.1,6667.73,6744.52,6654.46,15488569100,1.68E+11
2021/6/4,6642.06,6693.06,6725.69,6628.01,13786640400,1.61E+11
2021/6/7,6705.74,6721.5,6729.85,6689.7,14056089600,1.74E+11
2021/6/8,6726.09,6684.56,6752.63,6652.39,13868494700,1.70E+11
2021/6/9,6677.14,6692.9,6712.25,6656.05,13651103400,1.55E+11
2021/6/10,6688.82,6765.64,6773.46,6683.49,15428096400,1.77E+11
2021/6/11,6773.64,6725.92,6775.86,6717.27,16956960700,1.94E+11
2021/6/15,6734.1,6663.66,6736.54,6649.2,15220925000,1.66E+11
2021/6/16,6659.49,6566.29,6662.78,6554.89,13680787700,1.52E+11
2021/6/17,6554.3,6616.17,6618.5,6554.3,12449256200,1.44E+11
2021/6/18,6610.27,6657.76,6671.88,6587.03,13802258100,1.62E+11
2021/6/21,6652.65,6707.18,6722.98,6638.52,14303117200,1.75E+11
2021/6/22,6723.3,6739.79,6748.97,6691.82,14654349700,1.70E+11
2021/6/23,6741.58,6789.95,6803.97,6720.58,15530960900,1.85E+11
2021/6/24,6791.86,6754.87,6791.86,6743.33,14504652200,1.73E+11
2021/6/25,6748.87,6813.41,6824.86,6739.02,15148565900,1.74E+11
2021/6/28,6814.32,6828.52,6843.52,6802.86,14550405000,1.75E+11
2021/6/29,6833.06,6765.42,6835.05,6756.92,13662572200,1.68E+11
2021/6/30,6767.74,6808.18,6812.38,6757.34,12540616100,1.55E+11
2021/7/1,6827.7,6716.67,6827.7,6716.67,13835081100,1.68E+11
2021/7/2,6701.06,6658.05,6718.51,6651.48,13647228700,1.62E+11
2021/7/5,6670.13,6711.01,6716.15,6663.54,13473472100,1.65E+11
2021/7/6,6727.97,6709.5,6747.85,6633.61,14501795400,1.84E+11
2021/7/7,6661.85,6764.13,6765.43,6642.57,14764695200,1.76E+11
2021/7/8,6774.84,6748.65,6797.08,6740.85,15956454300,2.03E+11
2021/7/9,6721.61,6804.54,6814.65,6683.79,16610700400,2.05E+11
2021/7/12,6852.48,6904.38,6926.76,6840.02,19356104400,2.40E+11
2021/7/13,6901.81,6961.85,6961.97,6889.03,17962084300,2.24E+11
2021/7/14,6953.82,6898.75,6973.61,6898.75,17173544800,2.15E+11
2021/7/15,6874.8,6932.41,6936.58,6828.48,17322110800,2.05E+11
2021/7/16,6931.05,6925.12,6992.83,6922.35,18490785800,2.22E+11
2021/7/19,6912.1,6889.34,6931.14,6856.65,16973481800,2.08E+11
2021/7/20,6831.05,6901.13,6901.13,6825.82,14014063000,1.71E+11
2021/7/21,6923.61,6984.54,6998.28,6922.92,16300927100,2.05E+11
2021/7/22,6996.26,7026.55,7026.73,6960.3,19023331600,2.20E+11
2021/7/23,7036.3,6985.75,7061.67,6968.31,22507907400,2.54E+11
2021/7/26,6974.11,6868.21,6986.5,6778.5,20819723900,2.43E+11
2021/7/27,6877.44,6719.26,6925.97,6719.26,22861433900,2.67E+11
2021/7/28,6650.15,6621.98,6709.23,6534.92,19726716600,2.22E+11
2021/7/29,6720.62,6758.89,6773.57,6682.12,17101788500,2.09E+11
2021/7/30,6739.75,6767.32,6775.01,6702.51,18971173400,2.23E+11
2021/8/2,6756.81,6872,6875.42,6731.78,20620517300,2.50E+11
2021/8/3,6844.37,6816.01,6879.59,6792.71,19418943200,2.38E+11
2021/8/4,6814.08,6931.34,6931.78,6813.23,17406434700,2.16E+11
2021/8/5,6920.94,6911.83,6946.34,6880.69,17937188500,2.27E+11
2021/8/6,6929.02,6938.87,6947.54,6885.65,17235691200,2.15E+11
2021/8/9,6914.32,6979.53,6989.71,6877.2,17383337100,2.11E+11
2021/8/10,6970.83,7019.23,7019.69,6958.81,17308796200,2.23E+11
2021/8/11,7024.77,7073.52,7076.37,6999.93,18835790600,2.22E+11
2021/8/12,7059.47,7095.2,7115.89,7051.01,19407912500,2.26E+11
2021/8/13,7070.47,7088.89,7124.92,7050.31,19219060400,2.22E+11
2021/8/16,7087.58,7052.49,7102.4,7039.1,18817888600,2.22E+11
2021/8/17,7045.75,6894.4,7063.02,6876.5,20193637200,2.27E+11
2021/8/18,6883.27,6941.01,6950.88,6865.07,17536733100,1.92E+11
2021/8/19,6917.51,6947.06,6978.98,6869.29,17181358900,1.95E+11
2021/8/20,6915.02,6920.02,6952.52,6843,17562713900,2.05E+11
2021/8/23,6949.33,7024.56,7031.88,6949.33,18945660800,2.16E+11
2021/8/24,7031.65,7090.78,7098.03,7009.69,20272689500,2.36E+11
2021/8/25,7092.15,7153,7153.27,7058.57,19812689000,2.29E+11
2021/8/26,7151.53,7118.84,7175.51,7115.84,23017619600,2.55E+11
2021/8/27,7096.65,7180.11,7185.73,7083.21,22383046300,2.59E+11
2021/8/30,7202.63,7226.88,7262.6,7190.61,25064914800,3.01E+11
2021/8/31,7202.52,7255.34,7255.34,7159.3,24510834200,2.89E+11
2021/9/1,7271.03,7193.1,7278.16,7100.31,29552014000,3.31E+11
2021/9/2,7172.4,7307.01,7309.33,7172.4,25341169800,2.72E+11
2021/9/3,7335.7,7278.68,7385.24,7227.03,28880124000,3.15E+11
2021/9/6,7297.36,7355.4,7359.54,7231.73,25587515300,2.74E+11
2021/9/7,7360.38,7498.93,7501.13,7350.7,26072754100,2.80E+11
2021/9/8,7496.33,7544.04,7549.45,7483.87,27284780800,2.88E+11
2021/9/9,7534.98,7617.45,7617.66,7526.97,28720406800,3.02E+11
2021/9/10,7613.6,7607.67,7661.43,7564.26,29346864200,3.23E+11
2021/9/13,7613.54,7648.75,7650.88,7566.78,26361861000,2.99E+11
2021/9/14,7630.72,7556.62,7688.6,7544.02,27150151200,3.06E+11
2021/9/15,7535.25,7592.31,7627.67,7521.88,23339841600,2.74E+11
2021/9/16,7616.88,7446.94,7657.23,7445.23,26764977900,3.01E+11
2021/9/17,7421.81,7395.56,7471.42,7275.98,23360422600,2.59E+11
2021/9/22,7305.08,7453.62,7453.93,7298.03,19679453400,2.22E+11
2021/9/23,7512.33,7502.84,7543.66,7467.2,24115869400,2.68E+11
2021/9/24,7490.56,7380.38,7490.56,7373.29,23171558200,2.49E+11
2021/9/27,7400,7170.59,7410.47,7128.51,23954240700,2.55E+11
2021/9/28,7158.62,7198.9,7227.46,7155.27,20280056700,1.96E+11
2021/9/29,7142.76,7010.22,7161.21,6996.57,21057070200,2.08E+11
2021/9/30,7034.69,7103.61,7116.04,7034.69,20248261200,1.86E+11
2021/10/8,7191.23,7091.34,7198.96,7058.83,20546770500,2.03E+11
2021/10/11,7102.88,7090.47,7123.75,7048.87,19542083900,1.95E+11
2021/10/12,7069.35,6952.19,7079.71,6891.84,20166672300,1.94E+11
2021/10/13,6957.73,6981.59,6991.24,6887.34,16260465500,1.64E+11
2021/10/14,6970.65,7008.33,7033.4,6949.48,15476466800,1.63E+11
2021/10/15,6996.12,7024.16,7034.03,6975.24,17410833900,1.89E+11
2021/10/18,7027.14,7068.1,7071.87,6983.72,17562701400,1.94E+11
2021/10/19,7060.77,7120.38,7127.24,7051.78,16813576400,1.83E+11
2021/10/20,7081.99,7118.8,7154.91,7067.13,17051134100,1.86E+11
2021/10/21,7127.64,7098.25,7145.58,7069.45,16797196700,1.84E+11
2021/10/22,7089.13,7026.07,7110.66,7020.87,17161515100,1.84E+11
2021/10/25,7019.02,7103.99,7105.98,7003.78,15900460300,1.85E+11
2021/10/26,7120.07,7102.43,7155.63,7085.07,17503220500,2.05E+11
2021/10/27,7093.12,7048.6,7097.86,7017.86,17902088700,2.13E+11
2021/10/28,7026.29,6950.28,7043.42,6930.54,18807533800,2.10E+11
2021/10/29,6955.85,7022.5,7022.75,6920.31,17077953300,2.07E+11
2021/11/1,7005.07,7060.76,7087.29,6993.27,18414299100,2.27E+11
2021/11/2,7061,6985.1,7093.61,6921.85,19611472800,2.31E+11
2021/11/3,6975.06,7017.85,7034.09,6962.87,15081464800,1.84E+11
2021/11/4,7031.95,7073.85,7073.85,7018.61,15265204900,1.89E+11
2021/11/5,7071.08,6991.91,7073.85,6991.15,17724139200,2.07E+11
2021/11/8,6986.5,7026.97,7034.14,6984.81,14636085700,1.77E+11
2021/11/9,7037.57,7081.75,7087.02,7028.31,14169684700,1.76E+11
2021/11/10,7061.64,7062.33,7072.15,6965.86,16213835400,1.87E+11
2021/11/11,7048.86,7119.86,7121.92,7033.09,16540069300,1.87E+11
2021/11/12,7118.99,7156.61,7165.11,7112.58,16851342300,1.95E+11
2021/11/15,7166.04,7098.21,7176.77,7083.78,16114820200,2.02E+11
2021/11/16,7083.92,7045.94,7121.74,7040.51,16237031600,1.92E+11
2021/11/17,7043.63,7104.53,7106.05,7033.95,14034710700,1.69E+11
2021/11/18,7108.78,7084.68,7130.29,7066.49,16271486000,1.85E+11
2021/11/19,7083.01,7169.88,7174.25,7073.72,17818585400,1.94E+11
2021/11/22,7177.4,7255.07,7259.53,7177.4,18052248000,2.23E+11
2021/11/23,7245.95,7261.38,7292.92,7239,18959503300,2.18E+11
2021/11/24,7260.22,7256.11,7278.4,7229.6,17767407200,2.10E+11
2021/11/25,7262.79,7233.54,7262.79,7228.29,16406809800,1.90E+11
2021/11/26,7216.64,7219.86,7249.2,7201.2,15942313700,1.92E+11
2021/11/29,7129.94,7221.9,7226.34,7125.43,16694140600,1.99E+11
2021/11/30,7252.33,7252.76,7281.13,7210.84,18633616300,2.13E+11
2021/12/1,7239.13,7272.84,7272.94,7215.67,17180629500,1.96E+11
2021/12/2,7256.42,7229.99,7279.95,7221.36,17655554400,1.99E+11
2021/12/3,7233.57,7301.92,7310.27,7223.8,18622273800,2.01E+11
2021/12/6,7308.99,7240.46,7330.47,7235.45,21306995200,2.18E+11
2021/12/7,7274.13,7206.83,7284.64,7148.07,19224385400,2.06E+11
2021/12/8,7225,7302.99,7302.99,7214.26,16928045300,1.90E+11
2021/12/9,7298.8,7320.32,7331.58,7290.27,19608716800,2.11E+11
2021/12/10,7285.97,7306.65,7317.27,7276.61,18723069500,2.09E+11
2021/12/13,7334.11,7353.03,7371.31,7322.44,18536306100,2.11E+11
2021/12/14,7330.24,7324.13,7349.88,7314.43,15958375300,1.84E+11
2021/12/15,7319.66,7314.26,7352.38,7302.38,15992392300,1.84E+11
2021/12/16,7323.41,7381,7381,7323.41,17769034000,1.87E+11
2021/12/17,7380.72,7314.56,7384.02,7308.72,19626533600,2.03E+11
2021/12/20,7290.95,7195.97,7313.48,7191.05,18172785300,1.90E+11
2021/12/21,7190.97,7275.47,7285.72,7190.97,17621674600,1.64E+11
2021/12/22,7289.91,7302.46,7318.61,7271.82,17411719000,1.71E+11
2021/12/23,7306.16,7337.19,7350,7290.38,16913176000,1.80E+11
2021/12/24,7336,7278.76,7339.94,7257.53,16941870200,1.83E+11
2021/12/27,7269.37,7272.75,7323.88,7255.72,14861878900,1.66E+11
2021/12/28,7281,7286.03,7290.54,7240.93,14326204000,1.65E+11
2021/12/29,7275.67,7247.77,7290.86,7242.3,13620955200,1.56E+11
2021/12/30,7246.03,7310.96,7324.5,7244.22,14165111100,1.58E+11
2021/12/31,7320.94,7359.4,7368.13,7317.7,14990900300,1.69E+11
2022/1/4,7387.81,7354.46,7392.1,7317.5,20081001800,2.19E+11
2022/1/5,7343.9,7222.67,7346.26,7200.73,19400240400,2.10E+11
2022/1/6,7187.95,7229.96,7242.77,7167.81,17333576500,1.80E+11
2022/1/7,7232.41,7175.68,7262.81,7168.04,20001801100,2.02E+11
2022/1/10,7161.44,7191.45,7193.92,7122.09,16574887800,1.77E+11
2022/1/11,7187.02,7135.22,7206.92,7118.84,16949456500,1.80E+11
2022/1/12,7160.18,7196.93,7196.93,7148.63,15605148300,1.70E+11
2022/1/13,7203.24,7097.76,7203.24,7096.33,16914896800,1.75E+11
2022/1/14,7063.42,7081.14,7125.09,7052.63,17559119800,1.82E+11
2022/1/17,7080.62,7157.86,7169.34,7078.66,16177971900,1.83E+11
2022/1/18,7163.13,7163.16,7191,7133.2,17923539100,1.95E+11
2022/1/19,7144.48,7118.76,7182.06,7078.36,16317836800,1.75E+11
2022/1/20,7119.51,7056.79,7135.78,7040.01,16866628200,1.73E+11
2022/1/21,7037.94,6976.62,7040.43,6965.33,14467978900,1.58E+11
2022/1/24,6942.92,6979.25,7006.7,6925.77,12267956400,1.36E+11
2022/1/25,6960,6743.96,6979.48,6743.96,15033724400,1.54E+11
2022/1/26,6762.35,6782.58,6799.81,6721.9,12061531000,1.30E+11
2022/1/27,6781.61,6605.92,6785.73,6605.92,12524375600,1.32E+11
2022/1/28,6690.18,6580.53,6690.18,6510.18,12708881900,1.30E+11
2022/2/7,6664.57,6676.61,6702.33,6656.13,14509261900,1.39E+11
2022/2/8,6678.99,6742.19,6742.4,6599.37,15959857500,1.45E+11
2022/2/9,6736.75,6843.03,6848.69,6725.8,16282272100,1.55E+11
2022/2/10,6841.16,6840.49,6864.69,6797.01,15491656500,1.47E+11
2022/2/11,6811.78,6745.02,6840.72,6735.89,15980135400,1.57E+11
2022/2/14,6711.59,6695.7,6765.52,6667.49,13708245900,1.32E+11
2022/2/15,6700.82,6760.28,6762.86,6686.95,11280576000,1.21E+11
2022/2/16,6779.21,6772.03,6788.36,6751.8,10841400300,1.15E+11
2022/2/17,6764.33,6768.79,6797.62,6730.18,12298508900,1.31E+11
2022/2/18,6734.52,6835.02,6835.2,6727.82,13995263800,1.34E+11
2022/2/21,6843.08,6867.11,6871.99,6822.88,14514631300,1.50E+11
2022/2/22,6827.05,6784.76,6827.05,6743.85,14860991500,1.53E+11
2022/2/23,6785.1,6887.42,6889.7,6785.1,14411662000,1.59E+11
2022/2/24,6861.41,6764.88,6898.41,6688.75,21084975500,2.18E+11
2022/2/25,6805.64,6819.43,6895.04,6801.33,15642913900,1.64E+11
2022/2/28,6831.49,6853.31,6853.34,6770.05,13960138800,1.49E+11
2022/3/1,6868.62,6874.04,6889.33,6837.25,13771721800,1.48E+11
2022/3/2,6853.07,6875.24,6878.35,6828.06,13711497800,1.41E+11
2022/3/3,6900.98,6859.55,6907.41,6843.99,18909178100,1.74E+11
2022/3/4,6823.83,6803.83,6871.09,6779.41,17741188200,1.66E+11
2022/3/7,6800.77,6659.39,6800.82,6628.48,16648459400,1.65E+11
2022/3/8,6650.58,6429.89,6665.95,6416.8,18629607900,1.84E+11
2022/3/9,6443.2,6305.61,6462.48,6066.76,19780274000,1.88E+11
2022/3/10,6424.91,6414.94,6475.14,6390.73,15315235500,1.59E+11
2022/3/11,6343.19,6474.13,6479.72,6270.02,15211450300,1.59E+11
2022/3/14,6419.24,6323.58,6490.61,6323.58,13795400500,1.54E+11
2022/3/15,6272.44,5964.98,6278.07,5964.98,19471374500,1.84E+11
2022/3/16,6068.9,6156.27,6173.79,5824.33,17882684700,1.79E+11
2022/3/17,6233.64,6267.52,6369.89,6225.98,17043854100,1.85E+11
2022/3/18,6249.48,6332.22,6338.22,6231.73,15262021400,1.53E+11
2022/3/21,6340.56,6358.94,6389.21,6284.85,15965372300,1.62E+11
2022/3/22,6343.4,6358.11,6404.83,6313.27,15110787400,1.46E+11
2022/3/23,6368.31,6398.1,6420.16,6353.34,14317935800,1.42E+11
2022/3/24,6370.97,6344.12,6384.4,6315.14,13774908600,1.39E+11
2022/3/25,6346.71,6268.24,6373.47,6268.24,13497225600,1.35E+11
2022/3/28,6230.12,6283.28,6322.13,6176.25,14485788700,1.37E+11
2022/3/29,6289.48,6253.07,6316.31,6233.28,14136212400,1.40E+11
2022/3/30,6272,6377.87,6377.87,6261.8,16401457500,1.56E+11
2022/3/31,6361.1,6324.96,6383.07,6313.97,17690394800,1.67E+11
2022/4/1,6289.39,6364.52,6373.26,6274,17512859600,1.55E+11
2022/4/6,6363,6356.93,6363,6279.07,19685358400,1.70E+11
2022/4/7,6321.81,6221.59,6364.63,6221.59,19076219200,1.64E+11
2022/4/8,6227.2,6224.12,6237.91,6117.01,18395489200,1.59E+11
2022/4/11,6202.02,6029.89,6202.02,6001.57,17838481200,1.62E+11
2022/4/12,6019.67,6126.91,6135.57,5964.39,17318018800,1.51E+11
2022/4/13,6094.68,6044.33,6129.66,6039.92,16704306000,1.47E+11
2022/4/14,6074.13,6126.49,6156.5,6060.68,15903310600,1.47E+11
2022/4/15,6094.12,6070.75,6122.29,6048.16,18462700000,1.62E+11
2022/4/18,6019.53,6074.01,6094.67,5975.45,14918638000,1.32E+11
2022/4/19,6067.48,6092.4,6106.93,6052.1,14199753400,1.29E+11
2022/4/20,6082.81,5956.92,6093.78,5942,15105560300,1.35E+11
2022/4/21,5933.79,5759.8,5971.19,5742.42,15785450500,1.36E+11
2022/4/22,5728.19,5740.98,5794.34,5667.34,13999759800,1.20E+11
2022/4/25,5656.39,5369.72,5656.39,5369.72,18675348000,1.51E+11
2022/4/26,5374.25,5234.01,5434.7,5225.21,17129943300,1.39E+11
2022/4/27,5179.03,5437.04,5440.07,5158.48,17969338400,1.48E+11
2022/4/28,5398.9,5418.76,5472.82,5339.61,15503977300,1.33E+11
2022/4/29,5458.91,5627.9,5630.93,5443.67,18128951200,1.58E+11
2022/5/5,5612.5,5686.7,5728.62,5606.94,16864320800,1.54E+11
2022/5/6,5560.98,5563.77,5629.65,5542.18,15299334100,1.28E+11
2022/5/9,5552.48,5608.52,5626.59,5537.98,13155392900,1.15E+11
2022/5/10,5532.6,5690.09,5698.51,5519.47,16532961300,1.41E+11
2022/5/11,5697.43,5737.82,5856.19,5696.7,18516362700,1.73E+11
2022/5/12,5707.56,5743.1,5779.32,5687.18,13921616900,1.26E+11
2022/5/13,5765.32,5796.8,5796.8,5731.86,13655977500,1.17E+11
2022/5/16,5840.24,5791.08,5855.72,5767.54,15138727500,1.32E+11
2022/5/17,5789.92,5816.34,5816.34,5724.44,13082939100,1.19E+11
2022/5/18,5815.61,5797.49,5846.84,5785.45,12724384500,1.14E+11
2022/5/19,5708.8,5838.41,5838.41,5700.11,13662374000,1.23E+11
2022/5/20,5854.01,5929.49,5929.54,5849.76,16572732900,1.52E+11
2022/5/23,5941.14,5965.73,5968.85,5908.66,15387601700,1.43E+11
2022/5/24,5962.15,5745.68,5967.23,5745.68,17754083400,1.62E+11
2022/5/25,5741.23,5844.25,5844.28,5736.14,14359063500,1.27E+11
2022/5/26,5848.03,5911.56,5928.71,5780.97,16235036200,1.43E+11
2022/5/27,5921.33,5899.92,5952.62,5854.61,14340686200,1.29E+11
2022/5/30,5918.24,5942.83,5943,5867.19,13385264700,1.24E+11
2022/5/31,5940.37,6026.24,6033.47,5902.28,15594491800,1.48E+11
2022/6/1,6008.75,6023.64,6042.37,5970.49,15536577300,1.43E+11
2022/6/2,6000.62,6078.43,6084.32,5987.64,15957167500,1.50E+11
2022/6/6,6079.89,6187.44,6194.43,6070.71,18267996300,1.80E+11
2022/6/7,6186.58,6186.57,6199.72,6136.04,17731171800,1.69E+11
2022/6/8,6184.96,6217.83,6227.33,6110.06,18642886400,1.77E+11
2022/6/9,6207.73,6130.69,6209.11,6088.46,17212977500,1.60E+11
2022/6/10,6083.5,6240.1,6250.36,6078.78,19254134000,1.79E+11
2022/6/13,6188.77,6233.62,6250.68,6172.91,18813239700,1.98E+11
2022/6/14,6161.62,6275.57,6278.97,6061.19,19740316500,1.96E+11
2022/6/15,6275.37,6261.06,6398.36,6261.04,23814076500,2.32E+11
2022/6/16,6262.29,6264.82,6330.35,6242.33,19461508300,2.01E+11
2022/6/17,6220.58,6316.31,6328.36,6181.85,16785912900,1.89E+11
2022/6/20,6323.41,6330.39,6359,6277.22,17520714600,2.02E+11
2022/6/21,6324.84,6277,6337.08,6215.29,16446163000,1.79E+11
2022/6/22,6281.87,6179.57,6285.65,6176.85,15409431800,1.64E+11
2022/6/23,6186.99,6300.47,6300.47,6142.94,16826604400,1.80E+11
2022/6/24,6306.83,6368.28,6378.5,6304.08,15771270400,1.82E+11
2022/6/27,6398.36,6407.74,6449.34,6390.28,16891819100,2.02E+11
2022/6/28,6412.44,6501.35,6506.67,6392.11,17058271100,1.96E+11
2022/6/29,6479.17,6374.3,6501.39,6370.02,19072830800,2.16E+11
2022/6/30,6385.21,6454.08,6493.09,6385.21,16384677500,1.94E+11
2022/7/1,6450.75,6438.54,6481.15,6423.86,14420464300,1.73E+11
2022/7/4,6445.07,6523.13,6524.3,6405.38,15781996900,1.94E+11
2022/7/5,6535.45,6511.53,6548.3,6435.74,18662546900,2.07E+11
2022/7/6,6489.02,6418.55,6496.97,6359.47,17710450200,1.88E+11
2022/7/7,6414.41,6452.99,6482.42,6380.17,15735112300,1.77E+11
2022/7/8,6478.29,6404.44,6490.15,6404.16,15098669800,1.71E+11
2022/7/11,6387.45,6319.14,6387.45,6274.74,15199366600,1.69E+11
2022/7/12,6317.88,6241.48,6346.51,6238.56,14451309200,1.63E+11
2022/7/13,6238.68,6268.49,6287.64,6207.72,14271072300,1.49E+11
2022/7/14,6267.47,6302.43,6339.42,6254.68,14035405000,1.56E+11
2022/7/15,6279.68,6196.8,6323.53,6196.8,15838682800,1.69E+11
2022/7/18,6216.1,6312.36,6315.66,6200.52,15914462400,1.64E+11
2022/7/19,6318.84,6335.71,6347.24,6283.4,14638478000,1.63E+11
2022/7/20,6353,6410.71,6416.87,6351.82,14293257300,1.58E+11
2022/7/21,6400.07,6347.6,6408.46,6347.6,14821018400,1.63E+11
2022/7/22,6353.92,6289.53,6371.32,6236.34,13062066900,1.44E+11
2022/7/25,6297.1,6231.24,6319.18,6213.47,12945802900,1.40E+11
2022/7/26,6239.21,6307.96,6319.25,6213.84,11727654100,1.29E+11
2022/7/27,6301.61,6332.23,6344.21,6286.35,12043512700,1.33E+11
2022/7/28,6361.27,6348.17,6393.73,6339.55,13847342900,1.53E+11
2022/7/29,6356.52,6294.11,6365.26,6285.72,13792579200,1.53E+11
2022/8/1,6293.38,6347.22,6350.04,6253.06,12867901200,1.51E+11
2022/8/2,6288.61,6170,6288.61,6095.06,18290253900,1.93E+11
2022/8/3,6171.62,6124.31,6261.91,6111.22,14721340900,1.76E+11
2022/8/4,6160.49,6158.73,6177.62,6080.1,11364638100,1.38E+11
2022/8/5,6175.48,6270.51,6274.27,6163.51,12428444800,1.50E+11
2022/8/8,6266.57,6323.07,6324.34,6249.62,11613293400,1.50E+11
2022/8/9,6314.1,6341.48,6344.84,6290.87,11696665300,1.49E+11
2022/8/10,6331.41,6322.06,6362.29,6298.86,11889992800,1.53E+11
2022/8/11,6349.5,6439.36,6439.36,6341.72,14203828400,1.68E+11
2022/8/12,6425.11,6420.85,6463.07,6416.29,14039991700,1.58E+11
2022/8/15,6405.72,6442.81,6462.54,6394.22,13362748200,1.51E+11
2022/8/16,6446.76,6465.19,6492.54,6440.38,13584149500,1.51E+11
2022/8/17,6473.25,6493.5,6501.36,6428.97,14622031900,1.65E+11
2022/8/18,6481.37,6468.81,6483.69,6448.75,13045175900,1.52E+11
2022/8/19,6468.82,6391.72,6477.31,6390.93,14259085100,1.62E+11
2022/8/22,6381.34,6472.68,6472.79,6363.22,13373550000,1.55E+11
2022/8/23,6460.17,6466.4,6475.82,6436.08,13367637700,1.53E+11
2022/8/24,6470.69,6284.58,6472.68,6277.99,15810387200,1.72E+11
2022/8/25,6303.14,6322.7,6327.09,6225.68,14194636700,1.52E+11
2022/8/26,6331.08,6298.37,6381.48,6286.52,13040583700,1.46E+11
2022/8/29,6213.4,6310.4,6310.99,6205.13,12526884900,1.33E+11
2022/8/30,6309.58,6285.93,6319.17,6248.14,13210920000,1.37E+11
2022/8/31,6265.59,6155.75,6280.19,6132.23,14727540800,1.54E+11
2022/9/1,6153.29,6126.77,6207.24,6118.58,11857505400,1.25E+11
2022/9/2,6135.3,6149.43,6176.17,6117.73,10656438400,1.14E+11
2022/9/5,6147.71,6182.65,6184.8,6122.62,11747924400,1.20E+11
2022/9/6,6198.49,6291.57,6292.53,6187.95,12984604000,1.36E+11
2022/9/7,6269.99,6301.56,6314.12,6256.61,12016029200,1.31E+11
2022/9/8,6299.91,6272.58,6309.9,6266.52,11616426900,1.21E+11
2022/9/9,6275.9,6316.97,6321.82,6254.26,12138922800,1.25E+11
2022/9/13,6334.86,6300.42,6343.77,6291.44,11810631400,1.24E+11
2022/9/14,6214.91,6249.96,6273.63,6206.92,10912116000,1.15E+11
2022/9/15,6280.45,6107.8,6282.69,6053.8,14164350000,1.48E+11
2022/9/16,6091.42,5954.5,6102.54,5954.5,13717211500,1.32E+11
2022/9/19,5947.86,5913.15,5967.65,5880.49,10402541200,1.05E+11
2022/9/20,5949.34,5958.29,6002.79,5940.58,8881300000,96795085000
2022/9/21,5943.09,5978.58,5998.7,5876.52,10346364400,1.00E+11
2022/9/22,5938.1,5965.89,6015.12,5931.73,9986760200,1.02E+11
2022/9/23,5961.06,5889.6,5986.82,5839.93,10060943700,1.05E+11
2022/9/26,5841.58,5806.32,5922.32,5798.28,10324436000,1.03E+11
2022/9/27,5823.55,5920.05,5920.05,5808.25,9741802200,1.04E+11
2022/9/28,5910.05,5769.52,5910.05,5769.52,9369485300,99052683100
2022/9/29,5823.27,5771.88,5856.16,5741.02,9538579800,97557854900
2022/9/30,5764.15,5714.06,5804.2,5714.06,8554516800,87143078900
2022/10/10,5729.75,5635.71,5758.04,5618.8,9746934500,97320936400
2022/10/11,5642.48,5684.51,5703.27,5606.99,8657146900,88733098200
2022/10/12,5680.36,5820.45,5820.45,5594.3,10610175700,1.11E+11
2022/10/13,5789.66,5830.34,5876.48,5780.18,10572226800,1.15E+11
2022/10/14,5866.86,5973.44,5996.04,5866.86,11821224500,1.38E+11
2022/10/17,5952.38,6015.6,6023.53,5945.43,11146186900,1.27E+11
2022/10/18,6031.05,6035.67,6074.37,5996.39,10575019500,1.27E+11
2022/10/19,6021.8,5972.72,6037.44,5970.44,9388106500,1.12E+11
2022/10/20,5943.48,5948.86,6035.55,5886.4,10338824500,1.22E+11
2022/10/21,5959.21,5956.88,5993.88,5928.92,9682629500,1.12E+11
2022/10/24,5968.54,5896.9,6061.21,5857.86,11950108100,1.37E+11
2022/10/25,5864.02,5869.78,5926.57,5785.41,10704585400,1.24E+11
2022/10/26,5871.08,5971.6,6016.92,5871.08,11653007900,1.44E+11
2022/10/27,5978.28,5963,6020.89,5962.97,11708821900,1.48E+11
2022/10/28,5922.82,5781.8,5934.8,5760.05,13167633200,1.47E+11
2022/10/31,5745.08,5807.11,5859.6,5743.56,12701606400,1.50E+11
2022/11/1,5814.21,5941.15,5942.14,5786.87,13661677600,1.65E+11
2022/11/2,5925.65,5997.8,6028.77,5916.06,14233028600,1.83E+11
2022/11/3,5944.51,5996.72,6018.42,5937.61,10638690600,1.45E+11
2022/11/4,5996.31,6133.46,6157.43,5996.31,13870711100,1.74E+11
2022/11/7,6133.24,6141.41,6166.19,6100.61,13809240900,1.67E+11
2022/11/8,6139.89,6134.26,6141.02,6095.44,10826753100,1.34E+11
2022/11/9,6140.54,6120.83,6182.34,6118.73,10476225000,1.27E+11
2022/11/10,6085.28,6089.7,6119.03,6061.81,11640192800,1.29E+11
2022/11/11,6223.23,6138.62,6249.35,6134.68,17649212100,1.98E+11
2022/11/14,6140.19,6129.51,6189.38,6104.93,15948672500,1.74E+11
2022/11/15,6125.11,6236.38,6236.38,6112.62,14986096500,1.71E+11
2022/11/16,6238.58,6203.92,6263.16,6190.01,12977037600,1.52E+11
2022/11/17,6182.69,6217.21,6217.21,6148.61,12343019600,1.53E+11
2022/11/18,6213.09,6191.65,6251.11,6181.55,13118109300,1.65E+11
2022/11/21,6147.72,6189.71,6196.65,6116.3,11285438700,1.42E+11
2022/11/22,6178.16,6125.4,6196.2,6100.11,11608602400,1.38E+11
2022/11/23,6114.27,6115.6,6140.11,6045.02,11519351700,1.29E+11
2022/11/24,6126.6,6120.07,6149.96,6099.75,10020069900,1.17E+11
2022/11/25,6095.13,6087.86,6107.07,6062,10774234500,1.10E+11
2022/11/28,5999.85,6055.28,6059.02,5970.09,11794010700,1.26E+11
2022/11/29,6071.45,6163.82,6173.85,6071.22,15532447100,1.60E+11
2022/11/30,6156.77,6156.15,6175.68,6118.9,15464797200,1.53E+11
2022/12/1,6211.29,6186.1,6229.83,6186.1,15252332500,1.71E+11
2022/12/2,6177.92,6168.01,6206.99,6154.21,11550097500,1.33E+11
2022/12/5,6201.98,6215.12,6227.21,6182.98,17047721100,1.78E+11
2022/12/6,6202.52,6211.25,6244.64,6185.49,14937281500,1.64E+11
2022/12/7,6198.05,6204.01,6243.9,6183.33,13782124600,1.55E+11
2022/12/8,6199.16,6186.28,6206.14,6168.78,13105132500,1.49E+11
2022/12/9,6185.79,6192.3,6213.52,6159.5,16780682500,1.80E+11
2022/12/12,6181.24,6154.81,6182.08,6146.25,13409831000,1.62E+11
2022/12/13,6153.74,6121.66,6154.3,6113.41,10485751500,1.32E+11
2022/12/14,6122.43,6096.39,6139.74,6084.08,9508991600,1.25E+11
2022/12/15,6090.12,6101.88,6108.96,6078,8819045400,1.13E+11
2022/12/16,6071.96,6072.86,6087.46,6036.05,9391067200,1.13E+11
2022/12/19,6058.89,5936.48,6081.44,5911.88,10510620100,1.21E+11
2022/12/20,5919.03,5878.03,5920.99,5857.86,7862327300,96369670900
2022/12/21,5879.27,5845.84,5892.91,5819.67,6978343100,85257777700
2022/12/22,5867.72,5779.06,5875.47,5761.98,8223187300,97446795200
2022/12/23,5751.95,5763.35,5805.51,5732.47,6655686500,81911192700
2022/12/26,5769.07,5843.26,5850.91,5769.07,7542413300,93646097300
2022/12/27,5857.75,5885.66,5891.35,5832.27,8178042300,1.01E+11
2022/12/28,5869.46,5862.1,5889.32,5848.24,9009889800,1.03E+11
2022/12/29,5843.94,5857.4,5895.98,5835.33,7951079400,94429698700
2022/12/30,5875.28,5864.47,5885.89,5848.95,7534503200,86117939600
